person_id,mention_text_clean,count
P01200,Пьер,769
P00067,Андрей,547
P00969,Наташа,448
P01001,Николай,296
P00067,Князь Андрей,254
P01200,Пьера,232
P00067,Андрея,224
P00205,Борис,182
P00739,Кутузов,168
P00466,Долохов,164
P00951,Наполеон,146
P01330,Соня,141
P00445,Денисов,132
P00852,Марья,123
P01200,Пьеру,114
P00067,Андрею,111
P01239,Ростов,104
P00093,Анна Павловна,104
P01579,Элен,101
P00245,Василий,101
P00238,Бурьен,98
P00852,Княжна Марья,97
P00061,Анатоль,96
P00951,Наполеона,87
P00090,Анна Михайловна,85
P00739,Кутузова,82
P00045,Алпатыч,78
P01001,Николая,72
P00969,Наташи,71
P00129,Багратион,71
P00161,Берг,69
P00969,Наташу,67
P00191,Болконский,65
P00469,Долохова,63
P00989,Несвицкий,60
P00205,Бориса,60
P01111,Петя,60
P00969,Наташе,58
P01242,Ростовых,57
P00445,Денисова,54
P00245,Василия,53
P00680,Княжна,46
P01340,Сперанский,45
P00061,Анатоля,45
P00511,Ежели,44
P00191,Болконского,43
P00969,Наташей,43
P00198,Бонапарт,42
P00554,Жюли,41
P00093,Анны Павловны,40
P00245,Князь Василий,40
P00129,Багратиона,39
P00031,Александра,39
P01406,Тихон,39
P00852,Марьи,38
P00852,Марье,38
P00739,Кутузову,37
P00166,Билибин,36
P00619,Ипполит,36
P00135,Балашов,35
P00179,Бог,35
P00234,Буонапарте,35
P01430,Тушин,34
P00395,Государь,34
P01001,Николаю,33
P00205,Борису,32
P00031,Александр,31
P00149,Безухова,31
P00542,Жерков,31
P00067,Андреем,30
P01242,Ростовым,30
P00402,Графиня,30
P00277,Вера,30
P01200,Пьером,30
P00426,Даву,29
P00951,Наполеону,29
P00160,Бенигсен,29
P00135,Балашова,27
P01197,Пфуль,26
P00198,Бонапарта,26
P01330,Сони,26
P00397,Граф,26
P00846,Марью,25
P00683,Князь,25
P01340,Сперанского,24
P01330,Соне,24
P01330,Соню,24
P00897,Митенька,23
P01431,Тушина,23
P00679,Княгиня,23
P00179,Бога,23
P00482,Дрон,23
P00812,Мадемуазель Бурьен,23
P00431,Данила,22
P01150,Пончини,22
P01610,Яков Алпатыч,21
P00858,Марья Дмитриевна,21
P00951,Наполеоном,20
P00179,Богу,20
P00605,Ильин,19
P00090,Анны Михайловны,19
P01001,Николаем,19
P00464,Долгорукий,19
P00191,Болконскому,19
P00690,Коко,19
P00205,Борисом,18
P00105,Аракчеев,18
P01008,Николай Ростов,18
P00774,Лицо,18
P01330,Соней,18
P01003,Николай Андреевич,17
P01245,Ростопчин,17
P00168,Билибина,17
P00550,Жорж,17
P00044,Алпатыча,17
P01239,Ростовы,17
P00939,Мюрат,17
P01347,Старик,17
P00149,Безухов,17
P01398,Телянин,17
P00098,Анне Павловне,16
P00506,Дядюшка,16
P01554,Шиншин,16
P00763,Лиза,16
P01239,Ростову,16
P00608,Илья Андреевич,15
P00645,Карай,15
P01111,Петю,15
P00469,Долохову,15
P00161,Берга,14
P00889,Метивье,14
P00198,Бонапарте,14
P00846,Мари,14
P00334,Вас,14
P01403,Тимохин,14
P01406,Тихона,14
P00129,Багратиону,14
P00245,Василию,14
P00684,Князю Андрею,14
P00961,Натали,14
P01286,Семен,14
P00067,Андрее,14
P00445,Денисовым,13
P00689,Козловский,13
P00277,Вере,13
P00291,Виконт,13
P00541,Жеркова,13
P00157,Бенигсена,12
P01091,Паулучи,12
P00269,Вейротер,12
P00061,Анатолю,12
P00109,Армфельд,12
P00164,Бертье,12
P00090,Анну Михайловну,11
P00359,Глаза,11
P01334,Софи,11
P00062,Анатоль Курагин,11
P01324,Солдат,11
P00346,Генерал,11
P00490,Дуняша,11
P00198,Бонапартом,11
P00852,княжна Марья,11
P00736,Кутайсов,11
P00470,Долоховым,11
P00482,Дрона,11
P00857,Марья Генриховна,10
P00083,Анет,10
P01245,Ростопчина,10
P00445,Денисову,10
P00453,Диммлер,10
P00087,Анисья Федоровна,10
P01045,Один,10
P00828,Мама,10
P01034,Нынче,10
P00819,Макка,10
P01476,Ферапонтов,10
P00794,Лошади,10
P01075,Офицер,10
P01221,Раевского,10
P00603,Илагин,10
P01111,Пети,10
P00730,Курагина,10
P00730,Курагин,10
P00708,Кочубей,10
P00139,Барклай,10
P00810,Магницкий,9
P00145,Батюшка,9
P01200,Пьере,9
P00135,Балашову,9
P00744,Лаврушка,9
P00090,Анной Михайловной,9
P00692,Коли,9
P01353,Старичок,9
P01430,Тушину,9
P01375,Суворова,9
P00463,Доктор,9
P00105,Аракчеева,9
P00205,Борисе,9
P00270,Вейротера,9
P01398,Телянина,9
P00387,Господа,9
P00486,Друбецкой,8
P00751,Ланжерон,8
P01488,Франц,8
P00939,Мюрата,8
P00619,Князь Ипполит,8
P00664,Катишь,8
P00031,Александру,8
P00739,Кутузовым,8
P00989,Несвицкого,8
P00684,князя Андрея,8
P00161,Бергу,8
P00266,Веаussеt,8
P00161,Бергом,8
P00004,Lаbоrdе,8
P00818,Макк,8
P01554,Шиншина,8
P00485,Дронушка,8
P01057,Ему,8
P00093,Анну Павловну,8
P00464,Долгорукого,8
P00181,Богданыч,8
P00198,Бонапарту,8
P01375,Суворов,8
P00571,Захар,8
P00422,Гусары,8
P00313,Волконский,8
P01242,Ростовой,8
P01340,Сперанскому,8
P00179,Богом,7
P00277,Веры,7
P01253,Ругай,7
P00236,Бурбонов,7
P01370,Ступай,7
P00044,Алпатычу,7
P01185,Прощайте,7
P01403,Тимохина,7
P01207,Петр,7
P01197,Пфуля,7
P00305,Вишь,7
P00608,Илья Андреич,7
P00608,Граф Илья Андреич,7
P00179,Боже,7
P00605,Ильиным,7
P01488,Франца,7
P01111,Пете,7
P00135,Балашовым,7
P00939,Мюрату,7
P01003,Николай Андреич,7
P00149,Безухову,7
P00858,Марьи Дмитриевны,7
P00878,Маша,7
P00118,Аустерлица,7
P00093,Анной Павловной,7
P01140,Пойдемте,7
P01057,Его,7
P00129,Багратионом,7
P00992,Несвицкому,7
P01453,Ура,6
P01340,Сперанским,6
P00022,Адъютант,6
P00892,Милорадовича,6
P01504,Христос,6
P01108,Петруша,6
P00140,Барклая де Толли,6
P00061,Анатолем,6
P00431,Данилы,6
P00540,Жерковым,6
P00852,Марьей,6
P00523,Ерза,6
P00517,Екатерины,6
P01059,Ей-богу,6
P00087,Анисьи Федоровны,6
P01073,Оттого,6
P00129,Князь Багратион,6
P00301,Винцингероде,6
P01427,Тут,6
P00742,Кучер,6
P00613,Император,6
P00277,Верой,6
P00623,Ишь,6
P01414,Толь,6
P00959,Настасья Иваныч,6
P00149,Безуховой,6
P00003,Fаbviеr,6
P01432,Тебе,6
P00317,Вольцоген,6
P00691,Коленкур,6
P00255,Васька Денисов,5
P01564,Штейна,5
P00270,Вейротеру,5
P00689,Козловского,5
P00840,Марии Федоровны,5
P00857,Марьи Генриховны,5
P00393,Гостья,5
P01564,Штейн,5
P00951,Наполеоне,5
P00435,Дай Бог,5
P00277,Веру,5
P00861,Марья Ивановна Долохова,5
P00991,Несвицким,5
P00930,Мортье,5
P00062,Анатоля Курагина,5
P00892,Милорадович,5
P00398,графа Безухова,5
P00311,Волк,5
P01001,Николае,5
P00915,Мишо,5
P00689,Козловскому,5
P01245,Ростопчину,5
P00793,Лоррен,5
P00798,Любим,5
P00617,Иосиф Алексеевич,5
P01196,Пфулем,5
P00749,Лакей,5
P00619,Ипполита,5
P01102,Перонская,5
P00619,Ипполиту,5
P00598,Иди,5
P00245,Василием,5
P00629,Казак,5
P01239,Ростова,5
P01478,Ферапонтова,5
P00747,Лазарев,5
P00708,Кочубея,5
P01472,Федя,5
P00162,Берейтор,5
P01165,Пржебышевского,4
P00744,Лаврушку,4
P00345,Гвардия,4
P00926,Монтескье,4
P01387,Тальма,4
P00698,Конде,4
P01149,Помни,4
P00070,Андрей Болконский,4
P00619,Ипполитом,4
P00997,Никита,4
P00966,Наталья Ильинична,4
P00268,Вейротером,4
P00031,Император Александр,4
P01403,Тимохину,4
P01559,Шмидт,4
P01129,Поди,4
P01407,Тихон Шестипалый,4
P00287,Вздор,4
P01410,Толпа,4
P01111,Петей,4
P00031,Александре,4
P01193,Пускай,4
P00625,Кабы,4
P00951,Император Наполеон,4
P00985,Немец,4
P00822,Маленькая княгиня,4
P00895,Мими,4
P00901,Михаил Иваныч,4
P00431,Даниле,4
P00838,Мария,4
P00476,Дохтурова,4
P01264,Садись,4
P01263,Савари,4
P00463,Доктора,4
P00848,Марью Генриховну,4
P00525,Ермолов,4
P01036,Няня,4
P00808,Мавра Кондратьевна,4
P00858,Марьей Дмитриевной,4
P01310,Слезы,4
P00794,Лошадь,4
P00434,Дай,4
P00565,Зайфер,4
P01215,Петр Николаевич,4
P00901,Михаил Иванович,4
P01025,Новосильцева,4
P01213,Петр Кирилыч,4
P01015,Николушка,4
P00763,Лизой,4
P00891,Милка,4
P00411,Грачик,4
P00763,Лизе,4
P01102,Перонской,4
P00603,Илагина,4
P00605,Ильина,4
P00608,Граф Илья Андреевич,4
P00390,Господи,4
P00494,Дурова,4
P00897,Митеньку,4
P00464,Долгоруким,4
P00097,Анне Михайловне,4
P00149,Безуховым,4
P01488,Францу,4
P00094,Анна Павловна Шерер,4
P01504,Христа,4
P00103,Апраксина,4
P00173,Благовещенского,4
P01527,Чернышев,4
P00139,Барклаю,4
P01437,Тетушка,4
P00215,Бородина,4
P01479,Фердинанда,4
P01522,Человек,4
P00191,Болконская,4
P00145,Батюшки,4
P01478,Ферапонтовы,4
P00206,Борис Друбецкой,4
P00149,Безуховых,4
P00082,Андрюша,4
P00139,Барклая,4
P01396,Творца,3
P00105,Аракчееву,3
P01559,Шмидта,3
P01004,Николая Андреевича Болконского,3
P00834,Мамонову,3
P01242,Ростовыми,3
P00911,Михайла,3
P01003,Николая Андреича,3
P01587,Энса,3
P00173,Благовещенский,3
P00684,Князя Андрея,3
P01444,Уланы,3
P00034,Александр Павлович,3
P00682,Княжне Марье,3
P00221,Брат,3
P00608,Ильей Андреевичем,3
P01377,Сухоржевский,3
P01398,Телянину,3
P00499,Душенька,3
P00995,Нехорошо,3
P00334,Вам,3
P01256,Румянцева,3
P00838,Марии,3
P00927,Моро,3
P00174,Благодетелем,3
P00196,Больного,3
P01365,Стой,3
P00857,Марьей Генриховной,3
P01500,Хорош,3
P00402,Графине,3
P00890,Миколай Митрич,3
P01336,Софья Александровна,3
P00090,Анною Михайловной,3
P00855,Марья Богдановна,3
P00448,Держи,3
P00672,Кирстен,3
P01540,Шварценберга,3
P00860,Марья Ивановна,3
P00122,Ауэрсперга,3
P01031,Ну-с,3
P01312,Слушаю,3
P00061,Анатоле,3
P01292,Сергее Кузьмиче,3
P00736,Кутайсова,3
P00893,Милая,3
P00893,Милый,3
P01489,Француз,3
P01165,Пржебышевский,3
P00464,Долгорукому,3
P00633,Каменский,3
P00898,Митька,3
P00168,Билибину,3
P00751,Ланжерона,3
P00375,Голицына,3
P01008,Николая Ростова,3
P00842,Маркова,3
P01162,Працена,3
P00901,Михаилом Ивановичем,3
P00671,Кирилла Владимировича Безухова,3
P00161,Бергов,3
P00174,Благодетеля,3
P00300,Винценгероде,3
P00261,Ввечеру,3
P01606,Меня,3
P01239,Граф Ростов,3
P00794,Лошадей,3
P00555,Жюли Ахросимова,3
P00696,Коляска,3
P00956,Нарышкина,3
P01230,Репнина,3
P00237,Бурдино,3
P00080,Андрей!,3
P00562,Завидка,3
P00792,Лористон,3
P01227,Расина,3
P01479,Фердинанд,3
P01226,Рана,3
P01224,Разумовских,3
P00987,Неприятель,3
P00602,Извольте,3
P01426,Туман,3
P01480,Фецони,3
P00598,Идите,3
P01221,Раевский,3
P00255,Васьки Денисова,3
P00180,Богданычем,3
P00254,Васька,3
P01429,Тучкова,3
P01218,Ради бога,3
P00597,Иванушка,3
P01434,Тьер,3
P01493,Фридриха Великого,3
P01088,Папенька,3
P00544,Жерве,3
P01153,Поручик,3
P01406,Тихону,3
P00231,Буксгевдена,3
P01403,Тимохиным,3
P00763,Лизу,3
P00949,Налево,3
P00541,Жеркову,3
P01510,Царево-Займище,2
P00526,Ермолова,2
P01067,Остермана,2
P01475,Фельдшер,2
P00148,Бедуина,2
P00636,Канонада,2
P01244,Ростопчиным,2
P00528,Жако,2
P00607,Илья,2
P00455,Дмитрий,2
P00855,Марьей Богдановной,2
P01037,Обед,2
P00523,Ерзу,2
P00462,Доброе,2
P01095,Пелагеюшка,2
P00747,Лазарева,2
P00783,Лицо Наташи,2
P00634,Камердинер,2
P01548,Шенграбен,2
P01544,Шевардинский,2
P00799,Любовь,2
P01508,Царевна,2
P00058,Анатолий Васильевич,2
P00633,Каменского,2
P00566,Закидана,2
P00128,Бабы,2
P00763,Лизы,2
P01287,Семен Чекмарь,2
P00802,Людовика ХVI,2
P00582,Здржинский,2
P01035,Ньютона,2
P01308,Скотина,2
P00432,Данилу Купора,2
P00742,Кучера,2
P01212,Петр Кириллович,2
P00649,Карл,2
P00031,Александром,2
P00434,Дам,2
P00149,Безухове,2
P00535,Жене,2
P01030,Ну-ка,2
P00804,Лед,2
P00438,виконт де Мортемар,2
P00588,Знамя,2
P00183,Богучарово,2
P00805,Леля,2
P00441,Девочки,2
P00469,Долохове,2
P01206,Пьер!,2
P00744,Лаврушке,2
P00744,Лаврушки,2
P00201,Боре,2
P00122,Ауэрспергу,2
P00529,Жалкий,2
P00199,Бондаренко,2
P00644,Карамзин,2
P01185,Прощай,2
P00582,Здржинского,2
P01301,Сидоров,2
P00641,Капли,2
P01519,Чарторижский,2
P01298,Сзади,2
P00849,Марью Дмитриевну,2
P01565,Штраух,2
P00563,Завидки,2
P01486,Фр.,2
P00487,Другой,2
P01049,Один Пьер,2
P00832,Маменька,2
P01579,Княжна Элен,2
P00186,Божией,2
P00793,Лоррену,2
P01488,Император Франц,2
P00490,Дуняши,2
P01235,Роганов,2
P01201,Пьера Анна Павловна,2
P00490,Дуняшу,2
P01053,Ольга,2
P00492,Дурак,2
P01054,Ольденбургского,2
P01236,Розенкампфу,2
P01055,Ольмюц,2
P00824,Мальбрук,2
P01237,Рокрой,2
P00617,Иосифа Алексеевича,2
P00174,Благодетель,2
P01316,Смотри,2
P01102,Перонский,2
P01258,Руссо,2
P01514,Цесаревич,2
P00813,мадемуазель Жорж,2
P00612,Илюшка,2
P00191,Болконских,2
P01256,Румянцев,2
P01484,Фока,2
P00555,Жюли Ахросимовой,2
P00170,Бицкого,2
P01254,Ругаюшка,2
P00753,Ларрей,2
P00608,Ильи Андреевича,2
P01285,Семена,2
P01590,Эрфурта,2
P00475,Дохтуров,2
P00845,Маршалы,2
P00476,Дохтурову,2
P01578,Экономову,2
P00752,Ланн,2
P00605,Ильину,2
P00479,Дриссе,2
P00792,Лористона,2
P00140,Барклай де Толли,2
P00842,Марков,2
P00169,Бисмарк,2
P00752,Ланна,2
P01477,Ферапонтову,2
P00482,Дроном,2
P00840,Марию Федоровну,2
P00558,Жюли Корнаковой,2
P00094,Анны Павловны Шерер,2
P00169,Бисмарка,2
P00170,Бицкий,2
P00839,Марией-Терезией,2
P00518,Екатерина Семеновна,2
P00558,Жюли Корнакова,2
P00793,Лоррена,2
P00485,Дронушку,2
P00557,Жюли Друбецкая,2
P00752,Ланну,2
P01230,Репнин,2
P00120,Князь Ауэрсперг,2
P00652,Карл Иваныч,2
P00912,Михайла Иваныч,2
P00999,Николы Явленного,2
P00318,Вон,2
P00317,Вольцогена,2
P01490,Фриана,2
P00685,Князю Василию,2
P01395,Твоя,2
P00314,Волоса,2
P00313,Волконскому,2
P00313,Волконского,2
P01604,Юнкер Миронов,2
P00226,Брюнн,2
P00310,Военный министр,2
P01445,Улыбка,2
P00095,Анны Шерер,2
P00033,Александр Македонский,2
P00304,Вишау,2
P01122,Платова,2
P00943,Надежды,2
P00230,Буксгевден,2
P00932,Мужайтесь,2
P00728,Кузьмич,2
P00929,Мортемара,2
P01378,Сухтелена,2
P01003,Николаю Андреевичу,2
P00222,Бери,2
P01375,Суворове,2
P00676,Клаузевиц,2
P00343,Гаврило,2
P01154,Посидев,2
P00341,Вязьмитинова,2
P01377,Сухоржевского,2
P01550,Шерер,2
P00929,Мортемар,2
P00070,Андрее Болконском,2
P01601,Юльнер,2
P00729,Курагиным,2
P00923,Молчи,2
P01603,Юнкер,2
P00925,Монморанси,2
P00681,Княжну Марью,2
P01527,Чернышевым,2
P01148,Полковой командир,2
P00161,Бергам,2
P01404,Тит,2
P00716,Краска,2
P01439,Уваркой,2
P00699,Коновницына,2
P00264,Вдруг Долохов,2
P01142,Полк,2
P01608,Яков,2
P01492,Фридрих,2
P00964,Натальи,2
P00964,Наталья,2
P01429,Тучков,2
P00957,Насилу,2
P00073,Андрея Николаевича,2
P00243,Валуев,2
P01134,Поедемте,2
P01430,Тушиным,2
P00708,Кочубею,2
P01432,Тебя,2
P00709,Кошелек,2
P00709,Кошелька,2
P01144,Полковник,2
P00157,Бенигсену,2
P00294,Вилье,2
P00722,Круши,2
P01405,Тише,2
P01406,Тихоном,2
P00234,Буонапарт,2
P00159,Бенигсеном,2
P00691,Коленкура,2
P00282,Верно,2
P01440,Уварова,2
P01411,Толстого,2
P00009,А.И.,2
P00273,Великий Архитектор,2
P00234,Буонапарту,2
P00235,Буонапартию,2
P00695,Коля,2
P00276,Вену,2
P01128,Поговский,2
P00236,Бурбоны,2
P01414,Толю,2
P00274,Великий Мастер,2
P01003,Николаю Андреичу,2
P01090,Парис,2
P01156,Потемкиных,2
P00400,графу Ростову,2
P01013,Николев,2
P00888,Месяц,2
P00406,графиня Безухова,2
P01336,Софьи Александровны,2
P00406,Графиня Безухова,2
P00064,Ангел,2
P01338,Спасителя,2
P00401,Графинюшка,2
P00665,Катя,2
P00737,Кутайсовым,2
P00666,Кесаря,2
P01452,Унтер,2
P00116,Аудитор,2
P01116,Питт,2
P00897,Митеньке,2
P00897,Митеньки,2
P00897,Митенькой,2
P00217,Борю,2
P00210,Борис Сергеевич,2
P01014,Николенька,2
P00384,Горничная,2
P01326,Соломона,2
P01024,Новосильцев,2
P01317,Собаки,2
P01176,Провидения,2
P00874,Матушка,2
P00876,Матюшка,2
P00150,Беклешова,2
P01017,Никто,2
P01017,Никому,2
P01327,Сон,2
P01115,Пиши,2
P00878,Маши,2
P01329,Сонина,2
P01172,Притом,2
P01015,Николушку,2
P01563,Штаб,2
P01114,Пилад,2
P00120,Ауэрспергом,2
P00411,Грачика,2
P00115,Аугеста,2
P00891,Милку,2
P01361,Старый князь,2
P00730,Курагину,2
P00905,Михаил Ларионович,2
P00357,герцога Энгиенского,2
P01362,Степан Степанович,2
P00357,герцог Энгиенский,2
P01008,Николае Ростове,2
P01354,Староста,2
P00217,Боря,2
P01365,Стойте,2
P00356,герцог Ольденбургский,2
P01366,Столыпин,2
P00218,Боссе,2
P01008,Николаю Ростову,2
P00670,Кирилл Владимирович,2
P00672,Кирстена,2
P00372,Говори,2
P00383,Гончих,2
P00382,Гончие,2
P00378,Голубчик,2
P01011,Николай!,2
P01347,Старика,2
P00352,Гердера,2
P00377,Голос,2
P01541,Швейцар,1
P01501,Хочу,1
P01494,Барон Функе,1
P01130,Поди-ка,1
P01092,Пахло,1
P01099,Перновский,1
P01098,Перигоре,1
P01097,Передовой,1
P01131,Подле Кутузова,1
P01095,Пелагеюшкой,1
P01494,Функе,1
P01096,Пенсий,1
P01112,Петя Пьера,1
P01588,Энского,1
P01093,Пг'одулся,1
P01094,Певчие,1
P01132,Подле Пьера,1
P01113,Пехота,1
P01134,Поезжай,1
P01133,Подольский,1
P01497,Харона,1
P01128,Поговского,1
P01109,Петруша Ростов,1
P01119,План,1
P01107,Петрухан,1
P01500,Хороша,1
P01503,Хохот,1
P01110,Петрушка,1
P01500,Хороши,1
P01110,Петрушки,1
P01116,Питту,1
P01502,Хотите? Долохов,1
P01496,Ха-ха-ха,1
P01123,Платон,1
P01495,Фуражка,1
P01124,Плохо,1
P01125,Плутарх,1
P01101,Перовской,1
P01117,Пей,1
P01100,Перья,1
P01499,Холодно,1
P01102,Перонского,1
P01126,Поварской,1
P01117,Пил,1
P01127,Погов?ский,1
P01103,Петеньки,1
P01117,Пьем,1
P01118,Пишегрю,1
P01104,Петр! Петруша,1
P01105,Петро,1
P01121,Платов Матвей Иваныч,1
P01586,Эне,1
P01498,Хозяин,1
P01106,Петров,1
P01120,План Пончини,1
P01043,Ого,1
P01505,Христу Богу,1
P01004,Николай Андреич Болконский,1
P01525,Черноватый,1
P01526,Черноглазая,1
P01598,Эцельсдорфа,1
P01007,Николай к Денисову,1
P01006,Николай Дрону,1
P01005,Николая Болконского,1
P01004,Николая Андреича Болконского,1
P01004,Николаю Андреевичу Болконскому,1
P01004,Николай Андреевич Болконский,1
P01025,Новосильцеву,1
P01003,Николая Андреевича,1
P01527,Чернышева,1
P01599,мадам Юбер,1
P01003,Николаем Андреевичем,1
P01003,Князь Николай Андреевич,1
P01002,Николаю Алпатыч,1
P01600,Юбка Наташи,1
P01602,Юнга Штиллинга,1
P01009,Николаем Ростовым,1
P01010,Николая чудотворца,1
P01597,Эттингенскому,1
P01012,Николаша,1
P01023,Но Пьер,1
P01022,Но Мария,1
P01021,Нищета,1
P01020,Ничто,1
P01019,Ничего,1
P01018,Нихт,1
P01016,Николя,1
P01015,Николушки,1
P01015,Николушке,1
P01014,Николеньки,1
P01013,Николева,1
P01521,Чатров,1
P01012,Николашу,1
P01523,Люди Его,1
P01524,Чепыж,1
P01012,Николаши,1
P01012,Николаше,1
P01527,Чернышеву,1
P01528,Четверню,1
P01000,Николаенька,1
P00982,Неверовского,1
P00980,Неаполитанский,1
P00979,Не Сперанский,1
P00978,Наш Ипполит Курагин,1
P01535,Чучела,1
P00977,Наш Богданыч,1
P00976,Находчивый,1
P00975,Науки,1
P00974,Наташка,1
P00973,Наташина,1
P00973,Наташин,1
P01536,Шаги,1
P00972,Наташу Ростову,1
P00971,Наташу Николай,1
P01609,Якову Алпатычу,1
P01611,Ярко,1
P01536,Шагом,1
P01537,Шапки,1
P00981,Неверов?ского,1
P00983,Неловко,1
P00998,Никитенко,1
P00984,Неман,1
P00997,Никиты,1
P01529,Четверых,1
P00996,Ни Соня,1
P00994,Нетерпеливая Наташа,1
P00993,Нет Бонапарте,1
P01530,Чиргазовой,1
P01531,Чистопсовая,1
P00990,Несвицкий Денисову,1
P01532,Чичагова,1
P01605,Юрий Владимирович Долгорукий,1
P00989,Князь Несвицкий,1
P00988,Несвитского,1
P01533,Чопорна,1
P01606,Мною,1
P01534,Чего,1
P01607,Я Борис,1
P00986,Немца Палена,1
P01520,Часы,1
P01026,Нога,1
P01089,Пари,1
P01061,Орловы,1
P01068,Остермана-Толстого,1
P01066,Граф Остерман-Толстой,1
P01065,Граф Остерман,1
P01064,Освальдом,1
P01064,Освальда,1
P01509,Цари,1
P01063,Осанна,1
P01062,Орел,1
P01589,Эраста,1
P01027,Носилки,1
P01061,Орлова,1
P01060,Оох,1
P01058,Его Пресвятая Матерь,1
P01057,Него,1
P01511,Целковый,1
P01512,Целуй,1
P01513,Цепь,1
P01056,Ольмюцкого,1
P01069,Остроты,1
P01070,Отечество,1
P01071,Отраднен?,1
P01507,Худой,1
P01087,Папаша,1
P01086,Папа,1
P01085,Паника,1
P01084,Пани,1
P01083,Павле,1
P01082,Павлу Петровичу,1
P01081,Павла Ивановича Кутузова,1
P01080,Па-азвольте,1
P01079,П.И.Кутузовым,1
P01079,П.И.Кутузова,1
P01078,П.И.,1
P01077,Очаровательный Ипполит,1
P01076,Охотники,1
P01506,Христом Рафаэля,1
P01074,Отшельником,1
P01507,Худое,1
P01072,Отрадным,1
P01055,Ольмюцу,1
P01515,Цесарь,1
P01055,Ольмюца,1
P01593,Эскадрон,1
P01594,Эссена,1
P01595,Этенгейм,1
P01517,Цыганка,1
P01039,Оболенским,1
P01038,Обожающий Вас,1
P01037,Обеды,1
P01518,Чаплина,1
P01519,Чарторижским,1
P01035,Ньютон,1
P01519,Чарторижского,1
P01519,Чарторижскому,1
P01596,Этим,1
P01033,Нут-ка,1
P01032,Ну-тка,1
P01029,Ночь,1
P01028,Ностица,1
P01028,Ностиц,1
P01039,Оболенского,1
P01592,эрцгерцога Фердинанда,1
P01054,Ольденбургском,1
P01039,Оболенскому,1
P01516,Цнайма,1
P01052,Окно,1
P01051,Одр,1
P01050,Однопометник Милки,1
P01048,Один Пфуль,1
P01047,Один Бонапарт,1
P01046,Один Багратион,1
P01045,Одного,1
P01516,Цнаймом,1
P01044,Огоньку,1
P01044,Огонек,1
P01135,Поживу,1
P01042,Овса,1
P01591,Эрцгерцог Карл,1
P01041,Обругал,1
P01539,Шашка,1
P01040,Оболенский Федя,1
P01135,Поживем,1
P01432,Тобою,1
P01136,Позади,1
P01562,Шпага,1
P01338,Спаситель,1
P01337,Спаса,1
P01336,Софью Александровну,1
P01335,Софья,1
P01335,Софью,1
P01333,Сосюру,1
P01332,Сорок,1
P01457,Урусов,1
P01331,Соня-племянница,1
P01458,Усача,1
P01320,Собольи,1
P01459,Утро,1
P01460,Ууу,1
P01328,Сонечка,1
P01325,Солнце,1
P01324,Солдату,1
P01324,Солдатам,1
P01323,Сократа,1
P01323,Сократ,1
P01322,Сокольница,1
P01339,Спать,1
P01561,Шнеллера,1
P01456,Уруру,1
P01455,Ураа,1
P01352,Старик Михайла,1
P01351,Старик Кирстен,1
P01350,Старик Гурьев,1
P01349,Старик Гаврило,1
P01348,Старик Болконский,1
P01347,Старику,1
P01347,Старикам,1
P01559,Шмидте,1
P01346,Станок,1
P01345,Стаканов,1
P01344,Сраженье,1
P01451,Умрешь,1
P01343,Справа Марья Дмитриевна,1
P01342,Справа,1
P01341,Спина Долохова,1
P01340,Сперанском,1
P01559,Шмидтом,1
P01454,Ура! Ростов,1
P01560,Шмит,1
P01321,Советчиков,1
P01551,Шерсть,1
P01492,Фридриха,1
P01290,Сера,1
P01297,Севши,1
P01296,Сестра,1
P01295,Сержант,1
P01294,Сергия,1
P01293,Сергеем Кузьмичом Вязьмитиновым,1
P01292,Сергея Кузьмича,1
P01292,Сергею Кузьмичу,1
P01292,Сергей Кузьмич,1
P01291,Сергей,1
P01548,Шенграбеном,1
P01319,Собачка,1
P01467,Федешов,1
P01468,Федосьюшке,1
P01289,Сенату,1
P01288,Семенова,1
P01564,Штейне,1
P01286,Семену,1
P01564,Штейнов,1
P01469,Федотов,1
P00970,Наташи Андрею,1
P01466,Фатализм,1
P01299,Сивцева Вражка,1
P01300,Сиди,1
P01302,Сидоров! Сидоров,1
P01318,Собаки Наташиной,1
P01317,Собака,1
P01317,Собак,1
P01461,Ух! Ух,1
P01315,Смир-р-р-на,1
P01314,Смири,1
P01462,Ф.Долохов,1
P01463,Фабвье,1
P01313,Смех,1
P01311,Слуга,1
P01464,Фальстафом,1
P01309,Славы,1
P01307,Скверно,1
P01306,Сиона,1
P01305,Синей Бороде,1
P01465,Фальстафу,1
P01304,Силой Андреичем,1
P01549,Шепелева,1
P01303,Сила,1
P01355,Старушек,1
P01356,Старшая Вера,1
P01357,Старшины,1
P01408,Тихоновыми,1
P01413,Толстый адъютант,1
P01557,Шишкова,1
P01439,Уварку,1
P01552,Шиллер,1
P01412,Толстым,1
P01412,Толстый,1
P01412,Толст,1
P01411,Толстой,1
P01409,Тишка,1
P01407,Тихону Шестипалому,1
P01358,Старый Болконский,1
P01407,Тихона Шестипалого,1
P01441,Увидав,1
P01442,Ужинал,1
P01558,Шишков,1
P01404,Тита,1
P01403,Тимохиных,1
P01403,Тимохины,1
P01443,Уйди,1
P01443,Уйдите,1
P01415,Толя,1
P01416,Тон,1
P01417,Тормасова,1
P01418,Торопливо,1
P01433,Тебе Кирилл Андреевич Денисов,1
P01554,Шиншину,1
P01555,Широкоплечий,1
P01556,Шишковым,1
P01430,Тушиных,1
P01430,Тушины,1
P01429,Тучкову,1
P01435,Тьфу,1
P01428,Тут Николай,1
P01436,Тетенька,1
P01425,Трунила,1
P01424,Троица,1
P01423,Тридцатого Пьер,1
P01422,Третье,1
P01421,Традиридира,1
P01420,Тому,1
P01420,Того,1
P01419,Торчавшие,1
P01438,Уваров,1
P01402,Тильзита,1
P01401,Тепло,1
P01400,Тень,1
P01381,Счастливец Буонапарте,1
P01379,Сухтелен,1
P01376,Сундук,1
P01375,Суворовых,1
P01375,Суворовы,1
P01449,Улю-лю-лю,1
P01450,Уменье,1
P01374,Сувара,1
P01373,Стерн,1
P01372,Стыдно,1
P01371,Стыда,1
P01451,Умрем,1
P01369,Строганов,1
P01368,Стрелков,1
P01367,Стран?но,1
P01366,Столыпина,1
P01364,Степки,1
P01363,Степан Степанович Апраксин,1
P01360,Старая княгиня,1
P01359,Старая графиня,1
P01380,Сцеволы,1
P01382,Счастлив,1
P01399,Тем,1
P01382,Счастливым,1
P01446,Улыбка Наполеона,1
P01447,Ульма,1
P01397,Теляниным,1
P01395,Твой,1
P01447,Ульме,1
P01395,Твоим,1
P01394,Тащи,1
P01393,Тафа-лафа,1
P01392,Татарин,1
P01391,Тарелка,1
P01390,Тараску,1
P01389,Тараса,1
P01389,Тарас,1
P01388,Там,1
P01448,Ульмскому,1
P01386,Так-то,1
P01385,Сюза,1
P01384,Сырость,1
P01383,Сына Божия,1
P01284,Семен!,1
P01283,Сели,1
P01470,Федры,1
P01190,Пултуском,1
P01581,Элен!,1
P01582,Элена Васильевна,1
P01195,Пфуле,1
P01194,Пустое,1
P01192,Пуля,1
P01192,Пулю,1
P01192,Пуль,1
P01192,Пули,1
P01191,Пултуск,1
P01190,Пултуске,1
P01209,Петр Великий,1
P01190,Пултусками,1
P01189,Пудреные,1
P01188,Пряничникове,1
P01187,Пряничников,1
P01186,Прусским королем,1
P01184,Прохор Игнатыч,1
P01183,Прости,1
P01182,Проскакав,1
P01583,Элоиза,1
P01197,Пфулю,1
P01553,Шиншиным,1
P01487,Франкмасон,1
P01198,Пшезовска,1
P01207,Петром,1
P01482,Фильда,1
P01205,Пьер незаконный,1
P01204,Пьер за Бенигсеном,1
P01203,Пьером Бога,1
P01546,Шен?грабене,1
P01483,Флигель,1
P01202,Пьера Безухова,1
P01576,Экой,1
P01545,Шелингу,1
P01200,мсье Пьера,1
P01200,мсье Пьер,1
P01577,Экмюльский,1
P01484,Фоки,1
P01485,Форейтор,1
P01578,Экономовым,1
P01580,Элен Безухову,1
P01200,Мсье Пьер,1
P01199,Пшизецкой,1
P01181,Проси,1
P01180,Прокошка,1
P01179,Прокофия Рыжего,1
P01152,Порох,1
P01583,Элоизы,1
P01584,Элоим,1
P01151,Попадья,1
P01149,Помните,1
P01543,Швыряй,1
P01542,Швейцарец Lаbоrdе,1
P01585,Энгиенский,1
P01491,Фридланде,1
P01147,Полковой,1
P01146,Полковник Юльнер,1
P01145,Полковник Fаbviеr,1
P01143,Полкану,1
P01143,Полкан,1
P01141,Покуда Борис,1
P01140,Пойду,1
P01140,Пойдем,1
P01139,Позоржицу,1
P01138,Познав,1
P01137,Позови,1
P01583,Элоизу,1
P01155,Постой,1
P01178,Проклятый Бонапарт,1
P01156,Потемкина,1
P01177,Прозоровскому,1
P01177,Прозоровского,1
P01177,Прозоровский,1
P01175,Провианту,1
P01174,Прихожу,1
P01173,Притом Вера,1
P01171,Присядьте,1
P01170,Принц Мюрат,1
P01169,принц Евгений,1
P01168,Принеси,1
P01167,Принесте,1
P01166,Приду,1
P01164,Пресвятая Богородица,1
P01163,Предчувствие,1
P01161,Пратер,1
P01160,Пратера,1
P01159,Правду Жозеф Местр,1
P01158,Правду,1
P01157,Поутру,1
P01208,Петр Андреевич Вяземский,1
P01209,Петра Великого,1
P01282,Селиванов,1
P01256,Румянцевых,1
P01265,Саломони,1
P01472,Федю,1
P01547,Шенбрунн,1
P01473,Фельдмаршал,1
P01262,Рюрика,1
P01261,Рэдклиф,1
P01260,Русь,1
P01259,Рустан,1
P01257,Русак,1
P01256,Румянцеве,1
P01210,Петру Владимировичу,1
P01566,Шуберт,1
P01255,Руки,1
P01255,Рука,1
P01567,Щеки,1
P01253,Ругая,1
P01252,Ругае,1
P01251,Рубить,1
P01250,Ртищева,1
P01474,Фельдфебелей,1
P01266,Салтыков,1
P01267,Салтыкова,1
P01268,Самовар,1
P01472,Федей,1
P01281,Седой Тихон,1
P01280,Седой,1
P01279,Себя,1
P01278,Сделаю,1
P01565,Штрауха,1
P01278,Сделай,1
P01277,Священник Анисим,1
P01276,Священника,1
P01471,Федченкой,1
P01275,Святого духа,1
P01274,Свобода,1
P01273,Свитский,1
P01272,Свита,1
P01271,Свинья,1
P01472,Феде,1
P01270,Сашку,1
P01269,Саши,1
P01269,Сашей,1
P01269,Саша,1
P01249,Роялисты,1
P01249,Роялистов,1
P01248,Ротные,1
P01232,Ришелье,1
P01230,Князь Репнин,1
P01229,Ребенок,1
P01228,Расхохотались,1
P01225,Рамо,1
P01224,Разумовскому,1
P01224,Разумовского,1
P01224,Разумовский,1
P01224,Разумовские,1
P01223,Разлука,1
P01222,Развесе,1
P01221,Раевским,1
P01220,Раев?ского,1
P01219,Радуйся,1
P01217,Ради,1
P01216,Рада,1
P01214,Петра Михайловича,1
P01481,Феццони,1
P01213,Граф Петр Кирилыч,1
P01211,Петр Григорьевич,1
P01231,Рифей,1
P01233,Роltаwа,1
P01247,Рот,1
P01234,Робеспьера,1
P01246,Ростопчин Пьеру,1
P01538,Шарлотте де Роган Рошфор,1
P01568,Э! Вася,1
P01474,Фельдфебель,1
P01245,Граф Ростопчин,1
P01243,Ростовых Наташа,1
P01569,Эгоизм,1
P01570,Эдема,1
P01241,Ростов Ильину,1
P01240,Ростов Долохова,1
P01571,Эдуард Карлыч,1
P01572,Эй!,1
P01478,Ферапонтовым,1
P01478,Ферапонтовых,1
P01573,Эка,1
P01574,Экзекуция,1
P01238,Ромулы,1
P01236,Розенкампф,1
P01575,Эки,1
P00001,Duроrt,1
P00789,Лопухина,1
P00968,Наташ? Наташа,1
P00308,Внука,1
P00323,Вот,1
P00322,Вороти! Аль,1
P00321,Воробьи,1
P00320,Вон Настя,1
P00319,Вон Лиза,1
P00316,Вольтер,1
P00315,Волтора,1
P00313,Князь Волконский,1
P00313,Волконском,1
P00312,Волкон?ским,1
P00309,Вовсе,1
P00307,Влодский,1
P00967,Наталью Ростову,1
P00306,Владимиром,1
P00306,Владимира,1
P00303,Вифлянку,1
P00303,Вифлянкой,1
P00302,Витгенштейном,1
P00299,Виноват,1
P00298,Вино,1
P00297,Винюсь,1
P00296,Винесом,1
P00295,Вимпфен,1
P00293,Вилльнёве,1
P00324,Вот Борису,1
P00325,Впереди,1
P00326,Враги Сперанского,1
P00327,Врешь,1
P00350,Георгию,1
P00350,Георгий,1
P00349,Генрих IV,1
P00348,Генералу Милорадовичу,1
P00347,Генерал Кутузов,1
P00344,Гарденбергу,1
P00344,Гарденбергом,1
P00344,Гарденберг,1
P00342,Г.В.,1
P00341,Вязьмитиновы,1
P00340,Вязьмитинов,1
P00339,Вяземский,1
P00338,Вюртембергских,1
P00337,Выводи,1
P00336,Выбери,1
P00335,Вас Бог,1
P00333,Вчера,1
P00332,Все Буонапарте,1
P00331,Всемогущий,1
P00331,Всемогущему,1
P00330,Всевышний,1
P00329,Всадник,1
P00328,Врбна,1
P00293,Вилльнёв,1
P00292,виконта де Мортемара,1
P00291,Виконту,1
P00258,Вашу,1
P00258,Вашем,1
P00257,Вахмистр,1
P00256,Вася,1
P00255,Ваську Денисова,1
P00253,Василье,1
P00252,Василья,1
P00251,Василия Сергеевича,1
P00251,Василию Сергеевичу,1
P00251,Василий Сергеич,1
P00250,Василий Пушкин,1
P00249,Василия Ипполит,1
P00248,Василий Игнатьич,1
P00247,Василии Денисове,1
P00246,Василий Анне Михайловне,1
P00245,Василии,1
P00244,Ваньку,1
P00243,Валуева,1
P00242,Вали,1
P00241,В.Л.Пушкиным,1
P00241,В.Л.Пушкина,1
P00240,Бурьенку,1
P00239,Бурьенн,1
P00236,Бурбонах,1
P00258,Вашему,1
P00259,Ваши руки,1
P00290,Визави,1
P00260,Вблизи,1
P00289,Вижу,1
P00288,Видали,1
P00286,Вечор,1
P00285,Вечным,1
P00284,Ветру,1
P00283,Веселье,1
P00281,Верю,1
P00281,Верьте,1
P00281,Верь,1
P00280,Веретена,1
P00279,Вере Николаем,1
P00278,Вера Ильинична,1
P00275,Величеством,1
P00274,Великому Мастеру,1
P00274,Великого мастера,1
P00274,Великий мастер,1
P00272,Великого,1
P00272,Великим,1
P00271,Велел,1
P00267,Веймарских,1
P00265,Веsuноff,1
P00263,Вдруг,1
P00262,Ввечеру Наташа,1
P00350,Георгия,1
P00351,Герб Конде,1
P00353,Герр фон Билибин,1
P00439,Граф де Норбонн,1
P00437,мадам де Жанлис,1
P00436,Дворянин,1
P00433,Даром,1
P00432,Данилы Купора,1
P00432,Данила Купор,1
P00431,Данилу,1
P00430,Данидки,1
P00429,Дама,1
P00428,Давно,1
P00427,Давай,1
P00425,Гете,1
P00424,Гусарский,1
P00423,Гусаров,1
P00422,Гусару,1
P00422,Гусарам,1
P00422,Гусара,1
P00421,Гурьева,1
P00420,Гул,1
P00419,Гувернер,1
P00418,Губка Лизы,1
P00417,Губа,1
P00416,Грустно,1
P00415,Грузинской,1
P00438,Виконт де Мортемар,1
P00440,Девка,1
P00413,Гришка,1
P00440,Девки,1
P00465,Доложи,1
P00464,Князь Долгорукий,1
P00461,Добродетель,1
P00460,Добра,1
P00459,Дмитрием Онуфриевичем,1
P00458,Дмитрия Михайловича Телянина,1
P00457,Князь Дмитрий Голицын,1
P00456,Дмитрия Васильевича,1
P00454,Дитя,1
P00453,Диммлеры,1
P00453,Диммлеру,1
P00453,Диммлерам,1
P00453,Диммлера,1
P00452,Диммлером,1
P00451,Димлер,1
P00450,Дианой,1
P00449,Дерзаю,1
P00447,Денег,1
P00446,Денисов Никите,1
P00445,Денисове,1
P00444,Демосфен,1
P00443,Дежурный флигель,1
P00442,Девчонка,1
P00414,Грудь,1
P00412,Грех,1
P00354,Герцог,1
P00385,Горничная Дуняша,1
P00380,Голуховскому,1
P00379,Голубчик Денисов,1
P00376,Головнин,1
P00374,Голиаф,1
P00373,Гогенлоу,1
P00371,Го-го-го,1
P00370,Гнилопупова,1
P00369,Гнилопупов,1
P00368,Гм!,1
P00367,Глянь,1
P00366,Глупо,1
P00365,Глубок,1
P00364,Глинка,1
P00363,Глаза Телянина,1
P00362,Глаза Пети,1
P00361,Глаза Кутузова,1
P00360,Глаза князя Андрея,1
P00359,Глаз,1
P00358,Гирчик,1
P00357,герцоге Энгиенском,1
P00357,Герцог Энгиенский,1
P00356,Герцог Ольденбургский,1
P00355,герцог де Линь,1
P00381,Гомер,1
P00386,Горячо,1
P00411,Грачику,1
P00388,Господин Веаussеt,1
P00411,Грачиком,1
P00411,Грачике,1
P00410,графине Ростовой,1
P00409,графиня Ростова,1
P00409,Графиня Ростова,1
P00408,графиня Наташа,1
P00407,графиней Лович,1
P00406,графини Безуховой,1
P00405,Графиня Апраксина,1
P00404,Графиня Алена Васильевна Безухова,1
P00403,Графиня Алена Васильевна,1
P00401,Графинюшку,1
P00401,Графинюшке,1
P00399,графом Сен-Жерменом,1
P00398,графом Безуховым,1
P00397,Графа,1
P00396,Готово,1
P00395,Государи,1
P00394,Государыня,1
P00393,Гостьи,1
P00392,Гостиерадека,1
P00391,Господи великий,1
P00389,Господин Питт,1
P00234,Буонапарта,1
P00233,Буонапартом,1
P00232,Бумагу Денисова,1
P00087,Анисье Федоровне,1
P00086,Анисье,1
P00085,Анисьюшка,1
P00084,Анисима,1
P00081,Андрея. Толстый,1
P00079,Андрей сухо,1
P00078,Андрей Севастьяныч,1
P00077,Андрей Пьеру,1
P00076,Андрей при Наташе,1
P00075,Андрею Отрадное,1
P00074,Андрея Николаевича Болконского,1
P00073,Андрей Николаич,1
P00073,Андрей Николаевич,1
P00072,Андрею Несвицкий,1
P00071,Андрея на младшей Ростовой,1
P00069,Андрей Болкон?ский,1
P00068,Андрей Алпатычу,1
P00066,Андреевским,1
P00065,Англичанин,1
P00063,Анатоль Пьеру,1
P00062,Анатолю Курагину,1
P00060,Анатолъ,1
P00059,Анатолий Курагин,1
P00057,Амфилохия,1
P00086,Анисьи,1
P00087,Анисьей Федоровной,1
P00056,Амелии Евгеньевны,1
P00088,Анна,1
P00112,Архаровых,1
P00111,Арнауты,1
P00110,Армфельдов,1
P00108,Армия,1
P00107,Аринка,1
P00106,Арап,1
P00104,Апшеронцы,1
P00103,Княгиня Апраксина,1
P00103,Апраксиных,1
P00103,Апраксиным,1
P00103,Апраксиной,1
P00102,Апостолов,1
P00101,Антонов,1
P00100,Антихриста,1
P00099,Анненскую,1
P00096,Анне Дмитриевне,1
P00095,Анна Шерер,1
P00092,Анна Михайловна Пьера,1
P00091,Княгиня Анна Михайловна Друбецкая,1
P00091,Анны Михайловны Друбецкой,1
P00090,Княгиня Анна Михайловна,1
P00089,Анны Дмитриевны,1
P00088,Анну,1
P00057,Амфилохий,1
P00056,Амелии Евгеньевне,1
P00114,Аттила,1
P00029,Але,1
P00027,Акулькой,1
P00026,Акинфию,1
P00026,Акинфием,1
P00025,"Ай, Ду",1
P00024,Ай да Николай,1
P00023,Ай да Данила Купор,1
P00022,Адъютанты,1
P00021,Адрияна,1
P00020,Адонирама,1
P00019,Адонирам,1
P00018,Адонаи,1
P00017,Адама Чарторижского,1
P00016,Адам Чарториж?ский,1
P00015,Адама,1
P00014,Австрияк,1
P00013,Австриец,1
P00012,Авангарду,1
P00011,Абеляр,1
P00010,А.Чарторижского,1
P00008,А Лиза,1
P00007,Vаtеrlаnd'а,1
P00006,Nароlеоn,1
P00005,NароlJоn,1
P00028,Акушер,1
P00030,Алек?сандра,1
P00055,Амелии,1
P00032,Александра I,1
P00054,Амели Карловной,1
P00053,Амели,1
P00052,Амбар,1
P00051,Амалию Федоровну,1
P00050,Амалия,1
P00049,Аленой Васильевной,1
P00048,Альфонс Карлович,1
P00047,Алсуфьева дома,1
P00046,Алпатычева,1
P00044,Алпатычем,1
P00043,Алкидов,1
P00042,Княгиня Алина,1
P00042,Алина,1
P00041,Али,1
P00040,Аленина,1
P00039,Алена Васильевна,1
P00038,Алексей Уваров,1
P00037,Александров,1
P00036,Александра?,1
P00035,Александра Первого,1
P00034,Государь Александр Павлович,1
P00034,Александра Павловича,1
P00032,Александру I,1
P00113,Астрея,1
P00117,Ауерштетом,1
P00229,Буксгевденом,1
P00198,Бонапартами,1
P00197,Большой весельчак,1
P00196,Больному,1
P00196,Больной,1
P00195,Боль,1
P00194,Болтая,1
P00193,Болота,1
P00192,Болконский императора,1
P00191,Болконском,1
P00191,Болконской,1
P00191,Болконским,1
P00190,Болит,1
P00189,Боком,1
P00188,Бойко,1
P00187,Божьей матери,1
P00186,Божья,1
P00186,Божия,1
P00186,Божию,1
P00186,Божий,1
P00185,Божественный Спаситель,1
P00185,Божественного Спасителя,1
P00184,Богучаровом,1
P00182,Богучарова,1
P00181,Богданычу,1
P00198,Адъютант Бонапарта,1
P00200,Бондарчук,1
P00179,Боге,1
P00202,Боренька,1
P00228,Букарешт,1
P00227,Брюнном,1
P00226,Брюнна,1
P00225,Брыков,1
P00224,Брунове,1
P00223,Бржозовскую,1
P00223,Бржозовской,1
P00220,Браницких,1
P00220,Браницкий,1
P00219,Бояре,1
P00217,Борей,1
P00216,Бородино,1
P00214,Борода,1
P00213,Бориса. Борис,1
P00212,Борис. Ростов,1
P00211,Бориса экосез,1
P00209,Бориса с Ростовым,1
P00208,Борис с Наташей,1
P00207,Борис Николаич,1
P00206,Борисе Друбецком,1
P00204,Борзятников,1
P00204,Борзятники,1
P00203,Бореньке,1
P00179,Богов,1
P00178,Бо?напарту,1
P00119,Аустерлицкий,1
P00142,Барчонка,1
P00140,Барклаю де Толли,1
P00139,Барклаем,1
P00138,Баркаролла,1
P00137,Барина,1
P00137,Барин,1
P00136,Банк,1
P00134,Баланс,1
P00133,Бал,1
P00132,Баденскому,1
P00132,Баденских,1
P00131,Багратионова,1
P00130,Багратиона Ростов,1
P00129,Багратионы,1
P00129,Багратионе,1
P00128,Баба,1
P00127,Ахросимовых,1
P00126,Ахиллесова,1
P00125,Ах!,1
P00124,Ах да,1
P00123,Афишки,1
P00121,Ауэрсперг фон Маутерн,1
P00120,Ауэрсперг,1
P00119,Аустерлицкое,1
P00141,барона Функе,1
P00143,Барышня,1
P00177,Бледный Николай,1
P00144,Басовым,1
P00176,Бланкара,1
P00175,Благообразный,1
P00173,Благовещенскому,1
P00172,Благовещен?ский,1
P00171,Бицкому,1
P00167,Билибин тихо Болконскому,1
P00165,Бессьер,1
P00163,Бернадоту,1
P00158,Бенигсена Ростов,1
P00156,Бенигсенов,1
P00155,Бенефисы,1
P00154,Бельяром,1
P00153,Бельяр,1
P00152,Бельэтаж,1
P00151,Беловой,1
P00151,Белова,1
P00150,Беклешов,1
P00148,Бедуином,1
P00148,Бедуине,1
P00148,Бедуин,1
P00147,Бедняжка,1
P00146,Бедный Вязьмитинов,1
P00145,Батюшку,1
P00467,Долохов Николаю,1
P00468,Долохов Ростову,1
P00471,Дом,1
P00811,Мадам,1
P00810,Магницким,1
P00809,Маврой Кондратьевной,1
P00808,Мавры Кондратьевны,1
P00808,Мавру Кондратьевну,1
P00807,М.И.,1
P00806,М.А.Нарышкиной,1
P00803,Лядовской,1
P00801,Людовика ХIV,1
P00800,Любомирский,1
P00798,Любимом,1
P00797,Лысым Горам,1
P00796,Лошадь Пьера,1
P00795,Лошадь Бондарчука,1
P00793,Лорреном,1
P00791,Лорд Пит,1
P00790,лорда Невиля,1
P00002,dе Веаussеt,1
P00789,Лопухин,1
P00788,Ложусь,1
P00787,Ложа Элен,1
P00786,Ловко,1
P00785,Лоб,1
P00784,Лицо Пьера,1
P00810,Магницкого,1
P00813,Мадемуазель Жорж,1
P00781,Лицо Кутузова,1
P00814,Мадемуазель Натали,1
P00842,Граф Марков,1
P00841,Маркиз Паулучи,1
P00840,Марии Федоровне,1
P00839,Марии-Терезии,1
P00837,Марго,1
P00836,Манифеста,1
P00835,Мамонтовы,1
P00833,Мамонов,1
P00831,Маман,1
P00830,Мам Соня,1
P00829,Мам Графиня,1
P00828,Мам,1
P00827,Мам<,1
P00826,Мальчишка,1
P00825,Мальчик,1
P00823,Малодушно,1
P00821,Макку,1
P00820,Макком,1
P00817,Макеевым,1
P00817,Макеева,1
P00817,Макеев,1
P00816,Макатюк,1
P00815,Майор Денисов,1
P00782,Лицо Наполеона,1
P00780,Лицо Козловского,1
P00844,Марфа Федоровна,1
P00750,Лакеи Ростовых,1
P00747,Лазареву,1
P00746,Лаврушка! Вяжи,1
P00745,Лаврушка Ростову,1
P00744,Лаврушкой,1
P00743,Лаборду,1
P00743,Лаборда,1
P00741,Кутузове Борис,1
P00740,Кутузова Барклаем,1
P00739,Адъютант Кутузова,1
P00738,Кутейницкий,1
P00735,Кусты,1
P00734,Кусгевены,1
P00733,Курносое,1
P00732,Куракину,1
P00732,Куракин,1
P00731,Куракиным,1
P00730,Княгиня Курагина,1
P00729,Курагиных,1
P00727,Куды,1
P00726,Ку?тузова,1
P00725,Ку?тузов,1
P00724,Кто-то,1
P00723,Кто,1
P00748,Лазутчик,1
P00753,Ларрея,1
P00779,Лицо князя Андрея,1
P00754,Ласковый,1
P00778,Лицо княжны,1
P00777,Лицо княгини,1
P00776,Лицо Долохова,1
P00775,Лицо Денисова,1
P00774,Лица,1
P00773,Лихтенштейн,1
P00772,Лихтенфельс,1
P00771,Лихтен?штейна,1
P00770,Лихорадочные,1
P00769,Линии,1
P00768,Лимонад,1
P00767,Княгиня Лизавета Карловна,1
P00766,Лиза? Сведи,1
P00765,Лизе Мейнен,1
P00764,Лизы Болконской,1
P00762,Лиз,1
P00761,Либо,1
P00760,Лемарруа,1
P00759,Лейб-медик Вилье,1
P00758,Льва Кирилловича Нарышкина,1
P00757,Льва Кирилловича,1
P00756,Лафатер,1
P00755,Лаудона,1
P00843,Марса,1
P00847,Марью Антоновну,1
P00721,Круто,1
P00937,Муругий,1
P00935,Муки,1
P00934,Мужчина,1
P00933,Мужики,1
P00933,Мужик,1
P00931,Мужа,1
P00928,Моро! Моро,1
P00924,Монахи,1
P00922,Молча,1
P00921,Молодчина,1
P00920,Молодая княгиня,1
P00919,Молодой Друбецкой,1
P00918,Молись,1
P00917,Молитеном,1
P00916,Мои,1
P00914,Михельсона,1
P00913,Михайле Кутузову,1
P00912,Михайлу Ивановичу,1
P00912,Михайле Ивановичу,1
P00912,Михайла Иванович,1
P00910,Михаил-то Сидорыч,1
P00909,Михаила Павловича,1
P00908,Михаил Онуфриевич,1
P00907,Михаил Никанорович,1
P00936,Мурильо,1
P00938,Нам,1
P00904,Михаил Кирилыч,1
P00940,Мюратом,1
P00966,Наталью Ильиничну,1
P00965,Наталья Ильинишна,1
P00963,Натали Ростова,1
P00962,Натали З.,1
P00960,Настя,1
P00960,Насти,1
P00959,Настасья Иванович,1
P00959,Настасью Иваныча,1
P00958,Настасьи Дмитриевны,1
P00956,Нарышкиных,1
P00956,Нарышкин,1
P00955,Наполеонова,1
P00954,Наполеона Тьер,1
P00953,Наполеон Бонапарт,1
P00952,Наполеона Балашов,1
P00950,Намедни,1
P00948,Наказываемый,1
P00947,Нашел,1
P00946,Надул,1
P00945,Надобно,1
P00944,Надо,1
P00942,Н.Ростова,1
P00941,Н Е Ц,1
P00906,Михаила Михайловича,1
P00903,Михаилом Илларионовичем Кутузовым,1
P00850,Марью Дмитриевну Ахросимову,1
P00873,Матрешки,1
P00871,Матвевна,1
P00870,Матвевной,1
P00869,Масоны,1
P00868,Марьей Эмильевной,1
P00867,Марьи Федоровны,1
P00866,Марья Николаевна,1
P00865,Марья Львовна Карагина,1
P00864,Марья Львовна,1
P00863,Марья Игнатьевна Перонская,1
P00862,Марьи Ивановны Долоховой,1
P00862,Марьей Ивановной Долоховой,1
P00860,Марье Ивановне,1
P00859,Марья Дмитриевна Ахросимова,1
P00858,Марья Дмитриевны,1
P00858,Марье Дмитриевне,1
P00857,Марье Генриховне,1
P00856,Марьи Викторовны,1
P00855,Марьи Богдановны,1
P00855,Марье Богдановне,1
P00854,Марьей Антоновной Нарышкиной,1
P00853,Марье Антоновне,1
P00852,Марьею,1
P00851,Марью Михайловну,1
P00872,Матреше,1
P00874,Матушку,1
P00902,Михаилу Илларионовичу,1
P00875,Матушку Смоленскую,1
P00901,Михаиле Ивановиче,1
P00901,Михаила Ивановича,1
P00900,Михаиле,1
P00899,Митька Копыл,1
P00898,Митьку,1
P00898,Митькой,1
P00898,Митьки,1
P00896,Министр Штейн,1
P00894,Милая Амелия,1
P00892,Милорадовичем,1
P00891,Милке,1
P00887,Месье Долохов,1
P00886,Месье Денисов,1
P00885,Меркурий,1
P00884,Мерзко,1
P00883,Мелькнут,1
P00882,Мелион,1
P00881,Меланхолии,1
P00880,Медведев! Багратион,1
P00879,Машкин,1
P00878,Машей,1
P00877,Мачеха,1
P00876,Матюшку,1
P00723,Кого,1
P00720,Кровный,1
P00472,Дом Конде,1
P00562,Завидку,1
P00560,Заветного,1
P00559,Жюли. Р.S.,1
P00558,Жюли Корнакову,1
P00557,Жюли Друбецкой,1
P00556,Жюли Бергу,1
P00553,Жукова,1
P00552,Жубера,1
P00551,Жоржа Кадудаля,1
P00549,Жозефина Богарне,1
P00548,Жозефа Местра,1
P00547,Жития,1
P00546,Живо,1
P00545,Жест,1
P00543,Жерков Болконскому,1
P00541,Жерковы,1
P00539,Жераром,1
P00538,Женщинам Долохов,1
P00537,Женись,1
P00536,Жена Митеньки,1
P00534,Желанья,1
P00533,Жди,1
P00532,Жарко,1
P00531,Жаль,1
P00561,Завещание,1
P00564,Заедемте,1
P00527,Ерема,1
P00567,Замолчи,1
P00591,Зубовой,1
P00591,Зубова,1
P00590,Золотой,1
P00589,Знай,1
P00587,Злодей,1
P00586,Зинаиды Дмитриевны,1
P00585,Зиму,1
P00584,Зикин,1
P00583,Зеркало,1
P00583,Зеркала,1
P00581,Здравствуйте,1
P00580,Здоров господин Билибин,1
P00579,Здорова,1
P00578,Здорово,1
P00577,Заяц,1
P00576,Зачем Бонапарт,1
P00575,Захарченком,1
P00574,Захар? Проси,1
P00573,Захар Никодимыч,1
P00572,Захар-извозчик,1
P00570,Засеке,1
P00569,Запах,1
P00568,Замысел,1
P00530,Жалко,1
P00524,Ерзой,1
P00593,И.Г.Дурова,1
P00496,Дух Святой,1
P00493,Дурна,1
P00491,Дура,1
P00490,Дуняшей,1
P00490,Дуняше,1
P00489,Дубинку,1
P00488,Дружочек,1
P00487,Другою,1
P00486,Княгиня Друбецкая,1
P00486,Друбецкого,1
P00486,Друбецким,1
P00486,Друбецкая,1
P00485,Дронушки,1
P00485,Дронушке,1
P00484,Дронушкой,1
P00483,Дрон Захарыч,1
P00482,Дрону,1
P00481,Дрожащий,1
P00480,Дрисского,1
P00480,Дрисский,1
P00478,Драгунский,1
P00477,Драгуны,1
P00474,Досадно,1
P00473,Дона,1
P00495,Дурь,1
P00497,Душевно,1
P00522,Елизаветы,1
P00498,Душегубство,1
P00521,Елены Васильевны,1
P00521,Елена Васильевна,1
P00520,Елены,1
P00520,Еленой,1
P00520,Елене,1
P00520,Елена,1
P00519,Екатерининского,1
P00516,Езжал,1
P00515,Ежели Пруссия,1
P00514,Ежели Николя,1
P00513,Ежели бы Сперанский,1
P00512,Ежели бы Бонапарт,1
P00510,Егоркой,1
P00510,Егорка,1
P00509,Егора,1
P00508,Евстратовичу,1
P00507,Евгения Вюртембергского,1
P00505,Дяденька,1
P00504,Дюссековой,1
P00503,Дюренштейна,1
P00502,Дьячок,1
P00501,Дьякон,1
P00500,Дьявол,1
P00592,И. Многое,1
P00594,Иван,1
P00719,Крики,1
P00687,Козлове Пьер,1
P00685,князя Василия,1
P00685,Князя Василия,1
P00679,Княгине,1
P00678,Клумба,1
P00677,Клитемнестры,1
P00677,Клитемнестра,1
P00675,Клади,1
P00674,Китти Одынцова,1
P00673,Кисть,1
P00671,Кириллу Владимировичу Безухову,1
P00671,Кирилл Владимирович Безухов,1
P00670,Кириллу Владимировичу,1
P00670,Кирилле Владимировичу,1
P00670,Кирилла Владимировича,1
P00670,Граф Кирилл Владимирович,1
P00669,Кирила Матвеич,1
P00668,Кирасир,1
P00667,Киры,1
P00666,Кесари,1
P00665,Кати,1
P00663,Катиш,1
P00662,Катерина Великая,1
P00661,Каталани,1
P00686,Кобельница,1
P00688,Козлов?ский,1
P00659,Касатинка,1
P00693,Колодники,1
P00719,Крик,1
P00718,Кремса,1
P00717,Краснеет,1
P00715,Красивая Вера,1
P00714,Красивее,1
P00714,Красивая,1
P00713,Красавицы,1
P00712,Красавец Анатоль,1
P00711,Красавец,1
P00710,Кошечка,1
P00707,Которого,1
P00706,Корнет,1
P00705,Корнель,1
P00704,Корины,1
P00704,Кориной,1
P00703,Коренной,1
P00702,Конь,1
P00701,Кончаю,1
P00700,Константину Павловичу,1
P00700,Константин Павлович,1
P00699,Коновницын,1
P00697,Командира к генералу! Третьей роты,1
P00694,Колокольчик,1
P00660,Кастовый,1
P00658,Картуши,1
P00595,Иваном Болконским,1
P00624,Ищущих Манны,1
P00621,Ириной Яковлевной,1
P00620,Ипполит Курагин,1
P00618,Иосифа Алексеевича Поздеева,1
P00616,Иогель,1
P00615,Иоанне Грозном,1
P00614,Императрица,1
P00611,Илья Ростов,1
P00610,Илья Иваныч,1
P00610,Илью Иваныча,1
P00609,Илья Андреич Ростов,1
P00609,Илья Андреевич Ростов,1
P00609,Илье Андреевичу Ростову,1
P00609,Граф Илья Андреич Ростов,1
P00607,Илья-,1
P00607,Ильей,1
P00606,Ильину Лаврушка,1
P00604,Или,1
P00603,Илагины,1
P00601,Избави Бог,1
P00600,Из Ольмюца,1
P00599,Иеной,1
P00597,Иванушки,1
P00596,Иван Лукич,1
P00622,Итак,1
P00626,Кавалергард,1
P00657,Картину,1
P00627,Кавалерия,1
P00656,Карпом Туркой,1
P00655,Каролины,1
P00654,Карла,1
P00653,Карл ХII,1
P00651,Карл Богданович Шуберт,1
P00650,Карл Богданович,1
P00648,Кари,1
P00647,Карета,1
P00646,Караюшка,1
P00645,Караем,1
P00644,Карамзина,1
P00643,Карае,1
P00642,Капралы,1
P00640,Капитана Тушина,1
P00639,Капитан Тушин,1
P00638,Капитан,1
P00637,Канта,1
P00635,Кампо Формио,1
P00633,Каменским,1
P00632,Каменскиим,1
P00631,Калафате,1
P00630,Казак-с,1
P00628,Кавелина,1
P01612,Яра,1
