mention_text,count
Пьер,769
Андрей,547
Наташа,448
Николай,296
Князь Андрей,253
Андрея,224
Борис,182
Кутузов,168
Долохов,164
Пьерa,153
Наполеон,146
Соня,141
Денисов,132
Марья,123
Андрею,111
Ростов,104
Анна Павловна,104
Василий,101
Элен,101
Бурьен,98
Княжна Марья,97
Анатоль,96
Наполеона,87
Ах,84
Анна Михайловна,84
Кутузова,82
Пьера,79
Алпатыч,78
Николая,72
Багратион,71
Наташи,71
Берг,69
Наташу,67
Болконский,65
Пьеру,65
Долохова,63
Несвицкий,60
Петя,60
Бориса,59
Наташе,58
Ростовых,57
Денисова,54
Василия,53
Пьерy,49
Княжна,46
Анатоля,45
Сперанский,45
Ежели,44
Болконского,43
Наташей,43
Бонапарт,42
Жюли,41
Анны Павловны,40
Князь Василий,40
Тихон,39
Александра,39
Багратиона,39
Марье,38
Марьи,38
Кутузову,37
Ипполит,36
Билибин,36
Буонапарте,35
Бог,35
Балашов,35
Государь,34
Тушин,34
Николаю,33
Борису,32
Александр,31
Безухова,31
Жерков,31
Графиня,30
Пьером,30
Ростовым,30
Андреем,30
Вера,30
Наполеону,29
Даву,29
Бенигсен,29
Балашова,27
Граф,26
Сони,26
Пфуль,26
Бонапарта,26
Марью,25
Князь,25
Сперанского,24
Соне,24
Он,24
Соню,24
Мадемуазель Бурьен,23
Бога,23
Тушина,23
Митенька,23
Дрон,23
Княгиня,23
Пончини,22
Данила,22
Марья Дмитриевна,21
Яков Алпатыч,21
Наполеоном,20
Богу,20
Ильин,19
Анны Михайловны,19
Болконскому,19
Долгорукий,19
Коко,19
Николаем,19
Я,18
Лицо,18
Борисом,18
Аракчеев,18
Николай Ростов,18
Соней,18
Телянин,17
Жорж,17
Ростопчин,17
Старик,17
Билибина,17
Безухов,17
Алпатыча,17
Ростовы,17
Мюрат,17
Николай Андреевич,17
Лиза,16
Анне Павловне,16
Дядюшка,16
Ростову,16
Шиншин,16
Петю,15
Илья Андреевич,15
Долохову,15
Карай,15
Тимохин,14
Тихона,14
Бонапарте,14
Князю Андрею,14
Мари,14
Вас,14
Семен,14
Андрее,14
Василию,14
Натали,14
Берга,14
Багратиону,14
Метивье,14
Ты,13
Козловский,13
Денисовым,13
Вере,13
Жеркова,13
Виконт,13
Паулучи,12
Армфельд,12
Анатолю,12
Бенигсена,12
Бертье,12
Вейротер,12
Солдат,11
Софи,11
Анатоль Курагин,11
Бонапартом,11
Дрона,11
Генерал,11
Анну Михайловну,11
Долоховым,11
Дуняша,11
Глаза,11
княжна Марья,11
Кутайсов,11
Пети,10
Анет,10
Один,10
Ферапонтов,10
Лошади,10
Кочубей,10
Мама,10
Офицер,10
Марья Генриховна,10
Ростопчина,10
Барклай,10
Раевского,10
Курагина,10
Курагин,10
Нынче,10
Илагин,10
Макка,10
Денисову,10
Диммлер,10
Анисья Федоровна,10
Аракчеева,9
Тушину,9
Господа,9
Вейротера,9
Лаврушка,9
Анной Михайловной,9
Доктор,9
Батюшка,9
Магницкий,9
Телянина,9
Балашову,9
Борисе,9
Старичок,9
Коли,9
Суворова,9
Несвицкого,8
Дронушка,8
Beausset,8
Laborde,8
Макк,8
Волконский,8
Александру,8
Кутузовым,8
Ланжерон,8
Долгорукого,8
Бергу,8
Катишь,8
Бергом,8
Сперанскому,8
Мюрата,8
Суворов,8
Богданыч,8
Гусары,8
Шиншина,8
Франц,8
Бонапарту,8
Захар,8
Анну Павловну,8
Ему,8
князя Андрея,8
Князь Ипполит,8
Ростовой,8
Друбецкой,8
Пете,7
Его,7
Безухову,7
Марьи Дмитриевны,7
Илья Андреич,7
Пойдемте,7
Граф Илья Андреич,7
Ильиным,7
Эй,7
Петр,7
Николай Андреич,7
Балашовым,7
Пфуля,7
Веры,7
Мюрату,7
Аустерлица,7
Багратионом,7
Богом,7
Ругай,7
Тимохина,7
Вишь,7
Ступай,7
Боже,7
Маша,7
Франца,7
Алпатычу,7
Прощайте,7
Пьере,7
Анной Павловной,7
Бурбонов,7
Несвицкому,7
Настасья Иваныч,6
Анисьи Федоровны,6
Безуховой,6
Кучер,6
Вольцоген,6
Адъютант,6
Ура,6
Барклая де Толли,6
Толь,6
Fabvier,6
Сперанским,6
Марьей,6
Ишь,6
Жерковым,6
Император,6
Ей-богу,6
Ерза,6
Коленкур,6
Екатерины,6
Винцингероде,6
Тебе,6
Христос,6
Данилы,6
Князь Багратион,6
Тут,6
Петруша,6
Верой,6
Оттого,6
Анатолем,6
Милорадовича,6
Иосиф Алексеевич,5
Васька Денисов,5
Любим,5
Ипполиту,5
Федя,5
Анатоля Курагина,5
Ростова,5
Иди,5
Марья Ивановна Долохова,5
Штейн,5
Лакей,5
Кочубея,5
Пфулем,5
Перонская,5
Казак,5
Волк,5
Мортье,5
Марьи Генриховны,5
Дай Бог,5
Николае,5
Лазарев,5
Ипполита,5
Козловскому,5
графа Безухова,5
Мишо,5
Несвицким,5
Ферапонтова,5
Берейтор,5
Штейна,5
Веру,5
Василием,5
Марии Федоровны,5
Лоррен,5
Милорадович,5
Козловского,5
Ростопчину,5
Наполеоне,5
Вейротеру,5
Гостья,5
Безуховым,4
Человек,4
Александре,4
Зайфер,4
Францу,4
Петр Кирилыч,4
Благовещенского,4
Вздор,4
Доктора,4
Бородина,4
Немец,4
Шмидт,4
Тетушка,4
Слезы,4
Новосильцева,4
Савари,4
Дурова,4
Тимохину,4
Дохтурова,4
Пускай,4
Грачик,4
Толпа,4
Перонской,4
Монтескье,4
Никита,4
Ферапонтовы,4
Лизой,4
Конде,4
Наталья Ильинична,4
Петей,4
Мими,4
Император Александр,4
Няня,4
Фердинанда,4
Барклаю,4
Поди,4
Марьей Дмитриевной,4
Пржебышевского,4
Андрей Болконский,4
Болконская,4
Апраксина,4
Тихон Шестипалый,4
Безуховых,4
Михаил Иваныч,4
Тальма,4
Ермолов,4
Барклая,4
Анне Михайловне,4
Андрюша,4
Батюшки,4
Лизе,4
Помни,4
Граф Илья Андреевич,4
Анна Павловна Шерер,4
Лошадь,4
Гвардия,4
Михаил Иванович,4
Даниле,4
Господи,4
О.,4
Маленькая княгиня,4
Уж,4
Мавра Кондратьевна,4
Чернышев,4
Илагина,4
Христа,4
Долгоруким,4
Милка,4
Император Наполеон,4
Мария,4
Борис Друбецкой,4
Петр Николаевич,4
Ильина,4
Кабы,4
Дай,4
Митеньку,4
Николушка,4
Вейротером,4
Лаврушку,4
Садись,4
Ипполитом,4
Марью Генриховну,4
Иванушка,3
Благовещенский,3
Миколай Митрич,3
Маркова,3
Благодетелем,3
Лизу,3
Графине,3
Фердинанд,3
Долгорукому,3
Извольте,3
Жеркову,3
Пржебышевский,3
Шварценберга,3
Творца,3
Андрей!,3
Ильей Андреевичем,3
Брат,3
Коляска,3
Фридриха Великого,3
Каменский,3
Моро,3
Николая Ростова,3
Ну-с,3
Папенька,3
Марьей Генриховной,3
Ауэрсперга,3
Ввечеру,3
Николая Андреича,3
Раевский,3
Нарышкина,3
Винценгероде,3
Ланжерона,3
Идите,3
Працена,3
Налево,3
Сухоржевский,3
Туман,3
Марии,3
Душенька,3
Михайла,3
Князя Андрея,3
Сергее Кузьмиче,3
Расина,3
Тимохиным,3
Рана,3
Буксгевдена,3
Репнина,3
Ради бога,3
Анатоле,3
Фецони,3
Меня,3
Ох,3
Васьки Денисова,3
Лористон,3
Завидка,3
Александр Павлович,3
Поручик,3
Телянину,3
Лошадей,3
Софья Александровна,3
Кирстен,3
Богданычем,3
Энса,3
Васька,3
Голицына,3
Стой,3
Неприятель,3
Марья Ивановна,3
Слушаю,3
Мамонову,3
Митька,3
Марья Богдановна,3
Княжне Марье,3
Шмидта,3
Билибину,3
Милый,3
Уланы,3
Тьер,3
Михаилом Ивановичем,3
Тучкова,3
Румянцева,3
Николая Андреевича Болконского,3
Кутайсова,3
Держи,3
Аракчееву,3
Вам,3
Милая,3
Анною Михайловной,3
Ростовыми,3
Благодетеля,3
Тихону,3
Хорош,3
Граф Ростов,3
Бурдино,3
Кирилла Владимировича Безухова,3
Француз,3
Больного,3
Жюли Ахросимова,3
Разумовских,3
Жерве,3
Бергов,3
Жако,2
герцог Энгиенский,2
Чернышевым,2
Суворове,2
Валуев,2
графиня Безухова,2
Волоса,2
N.N.,2
Вольцогена,2
Сидоров,2
Ольга,2
Дам,2
Графиня Безухова,2
Илья,2
Бенигсеном,2
Тише,2
Царевна,2
графу Ростову,2
Ларрей,2
Ильи Андреевича,2
Дмитрий,2
Канонада,2
Ланна,2
Голубчик,2
Коля,2
Руссо,2
Рокрой,2
Княжна Элен,2
Круши,2
Румянцев,2
Барклай де Толли,2
виконт де Мортемар,2
Александром,2
Аудитор,2
Прощай,2
Анны Шерер,2
Ермолова,2
Эрфурта,2
Дриссе,2
Ильину,2
Марью Дмитриевну,2
Андрея Николаевича,2
Жюли Корнакова,2
Буонапарт,2
Великий Мастер,2
Князь Ауэрсперг,2
Курагиным,2
Беклешова,2
Вену,2
Карл,2
Э,2
Матюшка,2
Лазарева,2
Твоя,2
Жюли Ахросимовой,2
Военный министр,2
Полковник,2
Никто,2
Собаки,2
Фока,2
Марией-Терезией,2
Марьей Богдановной,2
Верно,2
Ерзу,2
Остермана,2
Здржинский,2
Пьер!,2
Благодетель,2
Здржинского,2
Наталья,2
Ольмюц,2
Ауэрспергу,2
Доброе,2
Никому,2
Ауэрспергом,2
Ланн,2
Лаврушки,2
Кучера,2
Яков,2
Ругаюшка,2
Карамзин,2
Император Франц,2
Смотри,2
Поедемте,2
Брюнн,2
Ну-ка,2
Николев,2
Сухтелена,2
Сонина,2
Боре,2
Маши,2
Месяц,2
Митеньки,2
Илюшка,2
Петр Кириллович,2
Анатолий Васильевич,2
Коленкура,2
Натальи,2
Молчи,2
Кочубею,2
Девочки,2
Говори,2
Ей,2
Фр.,2
Вдруг Долохов,2
Николенька,2
Иосифа Алексеевича,2
Маршалы,2
Николаю Андреичу,2
Голос,2
Графинюшка,2
Катя,2
Николаю Андреевичу,2
Борис Сергеевич,2
Гаврило,2
Один Пьер,2
Николаю Ростову,2
Вишау,2
Клаузевиц,2
Чарторижский,2
Анны Павловны Шерер,2
Столыпин,2
Марков,2
Насилу,2
Буонапарту,2
Розенкампфу,2
А,2
Ростопчиным,2
Курагину,2
Ольденбургского,2
Буксгевден,2
Кирилл Владимирович,2
Борю,2
Дохтуров,2
Обед,2
Питт,2
Лизы,2
Князю Василию,2
Монморанси,2
Закидана,2
Мортемара,2
Вы,2
Уварова,2
Дурак,2
Мортемар,2
Ай,2
А.И.,2
Великий Архитектор,2
Роганов,2
Толю,2
Тит,2
Сон,2
Аугеста,2
Лед,2
Тушиным,2
Ланну,2
Краска,2
Жюли Корнаковой,2
Шенграбен,2
Репнин,2
Экономову,2
Цесаревич,2
Юльнер,2
Фриана,2
Леля,2
Бисмарка,2
мадемуазель Жорж,2
Михаил Ларионович,2
Бисмарк,2
герцог Ольденбургский,2
Коновницына,2
Безухове,2
Знамя,2
Поговский,2
Лористона,2
Марию Федоровну,2
Б.,2
Сухоржевского,2
Парис,2
Александр Македонский,2
Вязьмитинова,2
Унтер,2
Боря,2
Кузьмич,2
Вилье,2
Грачика,2
Стойте,2
Посидев,2
Царево-Займище,2
Николай!,2
Бабы,2
Лоррену,2
Жюли Друбецкая,2
Провидения,2
Бондаренко,2
Екатерина Семеновна,2
Дохтурову,2
Ангел,2
Ферапонтову,2
Староста,2
Спасителя,2
Людовика XVI,2
Бицкий,2
А.,2
Волконскому,2
Бери,2
Жалкий,2
Лоррена,2
Фридрих,2
Семен Чекмарь,2
Кошелька,2
Данилу Купора,2
Дуняши,2
Дроном,2
Софьи Александровны,2
Кутайсовым,2
Княжну Марью,2
Надежды,2
Камердинер,2
Пьера Анна Павловна,2
Завидки,2
Старый князь,2
Волконского,2
Скотина,2
Гончих,2
Бенигсену,2
Каменского,2
Платова,2
Карл Иваныч,2
Старика,2
Бурбоны,2
Шевардинский,2
Шерер,2
Полк,2
Боссе,2
Маменька,2
Андрее Болконском,2
Тебя,2
Милку,2
Уваркой,2
Соломона,2
герцога Энгиенского,2
Пилад,2
Полковой командир,2
Штраух,2
Пиши,2
Бицкого,2
Новосильцев,2
Горничная,2
Мужайтесь,2
Кесаря,2
Божией,2
Николушку,2
Дронушку,2
Митенькой,2
Николае Ростове,2
Сзади,2
Лаврушке,2
Бергам,2
Жене,2
Ну,2
Кошелек,2
Долохове,2
Любовь,2
Михайла Иваныч,2
Фю,2
Пьерe,2
Степан Степанович,2
Тихоном,2
Семена,2
Ньютона,2
Буонапартию,2
Бедуина,2
Николы Явленного,2
Штаб,2
Перонский,2
Матушка,2
Болконских,2
Лицо Наташи,2
Гердера,2
Митеньке,2
Мальбрук,2
Фельдшер,2
Толстого,2
Гончие,2
Юнкер Миронов,2
Юнкер,2
Улыбка,2
Вон,2
Нехорошо,2
Эк,2
Тучков,2
Потемкиных,2
Пелагеюшка,2
Дуняшу,2
Богучарово,2
Притом,2
Капли,2
Кирстена,2
Однопометник Милки,1
Кончаю,1
Великим,1
Диммлера,1
Сивцева Вражка,1
Старик Болконский,1
Вашем,1
Которого,1
Вас Бог,1
Милке,1
Вашему,1
Астрея,1
Натали Ростова,1
Ищущих Манны,1
Лорд Пит,1
Жюли Корнакову,1
Амбар,1
Уварку,1
Старику,1
Елена Васильевна,1
Ложусь,1
Разумовский,1
Петр Андреевич Вяземский,1
Василий Пушкин,1
Враги Сперанского,1
Покуда Борис,1
Грудь,1
Елены Васильевны,1
Мужчина,1
Ахросимовых,1
Андрея на младшей Ростовой,1
Врешь,1
З.,1
Диммлером,1
Коренной,1
Марьей Эмильевной,1
Адрияна,1
Николай Андреич Болконский,1
Меланхолии,1
Потемкина,1
Петра Великого,1
Езжал,1
Амелии Евгеньевны,1
Отрадным,1
П.И.Кутузовым,1
Александра I,1
Бржозовскую,1
Аленой Васильевной,1
Елена,1
Николая Андреевича,1
графини Безуховой,1
Веселье,1
Амелии Евгеньевне,1
герцог де Линь,1
Наташу Николай,1
Басовым,1
Марьи Федоровны,1
графине Ростовой,1
Бржозовской,1
М.А.Нарышкиной,1
А.Чарторижского,1
Государыня,1
Чатров,1
Лопухин,1
Вашу,1
Пелагеюшкой,1
Пшизецкой,1
Жена Митеньки,1
Марса,1
Великого мастера,1
Клумба,1
Тем,1
Зачем Бонапарт,1
Болтая,1
Бенефисы,1
Акинфием,1
Князь Николай Андреевич,1
Герцог Ольденбургский,1
Иосифа Алексеевича Поздеева,1
Масоны,1
Акинфию,1
Марго,1
Великого,1
Старушек,1
Анну,1
Голуховскому,1
Жозефа Местра,1
Карамзина,1
В.Л.Пушкиным,1
Настасьи Дмитриевны,1
Ах да,1
Красавицы,1
Наташина,1
Данилу,1
Наташу Ростову,1
Государь Александр Павлович,1
Андрею Отрадное,1
Семену,1
Пари,1
Наталью Ильиничну,1
Михаил Никанорович,1
Собака,1
Картину,1
Тобою,1
Чистопсовая,1
Бедняжка,1
Марью Антоновну,1
Прусским королем,1
Марье Антоновне,1
Борзятники,1
Митька Копыл,1
Заяц,1
графиня Ростова,1
Нетерпеливая Наташа,1
Вижу,1
Ерзой,1
N.,1
Сиона,1
Вифлянку,1
Русак,1
Лизе Мейнен,1
Ужинал,1
Любимом,1
Ругая,1
Аринка,1
Жукова,1
Дианой,1
Глаз,1
Лица,1
Вязьмитиновы,1
Льва Кирилловича Нарышкина,1
Настасью Иваныча,1
Нет,1
Шапки,1
Салтыков,1
Зеркала,1
Впереди,1
Намедни,1
Марья Игнатьевна Перонская,1
Прокошка,1
Маман,1
Митьку,1
Сашей,1
Улю-лю-лю,1
Хозяин,1
Али,1
Льва Кирилловича,1
Бледный Николай,1
Сашку,1
Не Сперанский,1
Марьей Антоновной Нарышкиной,1
Собаки Наташиной,1
Караюшка,1
Лядовской,1
Муругий,1
Красавец Анатоль,1
Караем,1
Шерсть,1
Охотники,1
Засеке,1
Михаил-то Сидорыч,1
Адонирам,1
Завидку,1
Диммлеру,1
Правду,1
Вифлянкой,1
Диммлеры,1
Г.В.,1
Карпом Туркой,1
Борзятников,1
Диммлерам,1
Юбка Наташи,1
Мачеха,1
Каталани,1
Святого духа,1
Андрей сухо,1
Чепыж,1
Гирчик,1
Матреше,1
Горничная Дуняша,1
Саши,1
Саша,1
Урусов,1
Дуняше,1
Беловой,1
Твоим,1
Самовар,1
Николушке,1
Фоки,1
Зиму,1
Мужа,1
Божию,1
Господи великий,1
Арап,1
Эдуард Карлыч,1
Фильда,1
Великому Мастеру,1
Карае,1
Расхохотались,1
Генрих IV,1
Анисьи,1
Здравствуйте,1
Адонирама,1
Анисье,1
Л.,1
Анисье Федоровне,1
Анисьюшка,1
И. Многое,1
Умрешь,1
Илья Андреевич Ростов,1
Ругае,1
Фальстафу,1
Анисьей Федоровной,1
Фальстафом,1
Трунила,1
Марью Михайловну,1
Волтора,1
Дух Святой,1
Бицкому,1
Мам<,1
Меркурий,1
Сера,1
Наташин,1
Троица,1
Науки,1
Элоим,1
Лафатер,1
Адонаи,1
Иогель,1
Белова,1
Илагины,1
Отшельником,1
Чопорна,1
Шиншину,1
Малодушно,1
Сестра,1
Калафате,1
Букарешт,1
Советчиков,1
Грустно,1
Попадья,1
Глаза Кутузова,1
Адъютант Кутузова,1
Кутузова Барклаем,1
Тебе Кирилл Андреевич Денисов,1
План,1
Барклаю де Толли,1
Черноватый,1
Алпатычем,1
Федченкой,1
Лаврушка Ростову,1
Лаврушка! Вяжи,1
Николай Дрону,1
Тому,1
Дрону,1
Дрон Захарыч,1
Мужик,1
Эй!,1
Отечество,1
de Beausset,1
Раев?ского,1
И.Г.Дурова,1
Пьер за Бенигсеном,1
Матушку,1
Бородино,1
Евстратовичу,1
Экзекуция,1
Харона,1
Пьерa Безухова,1
В.Л.Пушкина,1
П.И.Кутузова,1
Афишки,1
Катиш,1
Сцеволы,1
Кесари,1
Киры,1
Ромулы,1
Тучкову,1
Христом Рафаэля,1
Мурильо,1
Жераром,1
Господин Beausset,1
Фабвье,1
Жубера,1
Полковник Fabvier,1
Людовика ХIV,1
Николаю Алпатыч,1
Дуняшей,1
"Ай, Ду",1
Салтыкова,1
Плутарх,1
Антихриста,1
Ветру,1
Якову Алпатычу,1
Андрей Алпатычу,1
Жития,1
Дом,1
Тараса,1
Петром,1
Болота,1
Николаше,1
Поживу,1
Императрица,1
Дронушке,1
Амалию Федоровну,1
Андрей Николаевич,1
Уруру,1
Тащи,1
Ферапонтовых,1
Матушку Смоленскую,1
Ферапонтовым,1
Перновский,1
Лопухина,1
Наполеона Тьер,1
Казак-с,1
князя Василия,1
Ильину Лаврушка,1
Овса,1
Развесе,1
Мужики,1
Лаврушкой,1
Всевышний,1
Поезжай,1
Пустое,1
Уйдите,1
Рамо,1
Дронушки,1
Божия,1
Дронушкой,1
Богучаровом,1
Павлу Петровичу,1
Софья,1
Княгиня Алина,1
Радуйся,1
Священника,1
Дмитрия Михайловича Телянина,1
Богучарова,1
Дона,1
Аннa Шерер,1
принц Евгений,1
Девчонка,1
Грузинской,1
Андрей при Наташе,1
Глаза князя Андрея,1
Дитя,1
Надо,1
лорда Невиля,1
Корины,1
графиня Наташа,1
Болконской,1
Кориной,1
Освальдом,1
Освальда,1
План Пончини,1
Большой весельчак,1
Кто-то,1
Колодники,1
Борода,1
Мальчик,1
Михаил Онуфриевич,1
Дяденька,1
Голиаф,1
Осанна,1
Витгенштейном,1
Жалко,1
Коновницын,1
Толя,1
Князь Волконский,1
Тихоновыми,1
Ураа,1
Пани,1
Пшезовска,1
Василии Денисове,1
Козлове Пьер,1
Молодчина,1
Лихорадочные,1
Подле Пьерa,1
Эттингенскому,1
Ртищева,1
Тишка,1
Милорадовичем,1
Тихона Шестипалого,1
Прокофия Рыжего,1
Тихону Шестипалому,1
Бланкара,1
Николая чудотворца,1
Петруша Ростов,1
Нищета,1
Неаполитанский,1
Экмюльский,1
Шепелева,1
Сергия,1
Поутру,1
Здорова,1
Мавру Кондратьевну,1
Илье Андреевичу Ростову,1
Клади,1
Татарин,1
Досадно,1
Пуль,1
Гул,1
Лошадь Пьерa,1
Утро,1
М.И.,1
П.И.,1
Нам,1
Головнин,1
Андрея Николаевича Болконского,1
Петра Михайловича,1
Глупо,1
Им,1
Славы,1
Тушины,1
Тимохины,1
Чарторижским,1
Тушиных,1
Тимохиных,1
Воробьи,1
Оболенского,1
Митькой,1
Швыряй,1
Касатинка,1
Маврой Кондратьевной,1
Данидки,1
Марфа Федоровна,1
Граф Петр Кирилыч,1
Чиргазовой,1
Степки,1
Мавры Кондратьевны,1
Ни Соня,1
Паника,1
Тепло,1
Кирасир,1
Четверых,1
Барин,1
Петро,1
Алсуфьева дома,1
Бояре,1
Мадемуазель Натали,1
Один Бонапарт,1
NapolJon,1
Besuhoff,1
Napoleon,1
Тридцатого Пьер,1
Селиванов,1
Алпатычева,1
Швейцарец Laborde,1
Штейне,1
Армфельдов,1
Штейнов,1
Катерина Великая,1
Куракиным,1
Баденскому,1
Куракин,1
Рустан,1
Мюратом,1
Алек?сандра,1
Бельяром,1
Полковник Юльнер,1
барона Функе,1
Шишковым,1
Барон Функе,1
Элен Безухову,1
графиней Лович,1
Поговского,1
Неман,1
Функе,1
Погов?ский,1
Ничто,1
Куракину,1
Там,1
Бенигсенов,1
виконта де Мортемара,1
Неверов?ского,1
герцоге Энгиенском,1
Федосьюшке,1
Ежели Николя,1
Лаборду,1
Синей Бороде,1
Ласковый,1
Платон,1
Внука,1
Амели Карловной,1
Николушки,1
Лаборда,1
Или,1
Наталью Ростову,1
Прозоровскому,1
Александра?,1
Веймарских,1
Баденских,1
Вюртембергских,1
Poltawa,1
Карл ХII,1
Бессьер,1
Ольденбургском,1
Наполеона Балашов,1
Один Багратион,1
Фатализм,1
Аттила,1
Иван,1
Граф де Норбонн,1
Бал,1
Матрешки,1
"Хотите?
 Долохов",1
Марье Ивановне,1
Ф.Долохов,1
Обожающий Вас,1
Ваши руки,1
Феде,1
Иваном Болконским,1
Нарышкиных,1
Duport,1
Справа,1
Графиня Алена Васильевна,1
Ложа Элен,1
Семенова,1
Приду,1
Дама,1
Михаил Кирилыч,1
Аленина,1
Милая Амелия,1
Анны Дмитриевны,1
Анне Дмитриевне,1
Жаль,1
Сила,1
Позови,1
Мадемуазель Жорж,1
Холодно,1
Прости,1
Уйди,1
Губа,1
Н.Ростова,1
Элоизу,1
Абеляр,1
Священник Анисим,1
Анисима,1
Часы,1
Божьей матери,1
Цыганка,1
Графа,1
Тень,1
Девки,1
Шиллер,1
Прозоровского,1
Третье,1
Болконском,1
Андрей Болкон?ский,1
Наташи Андрею,1
Сонечка,1
Анатолю Курагину,1
Столыпина,1
Жюли Друбецкой,1
Люди Его,1
Тя,1
Гомер,1
Сократ,1
Ньютон,1
Разумовского,1
Мамонов,1
Граф Ростопчин,1
Глинка,1
Дворянин,1
Степан Степанович Апраксин,1
Зинаиды Дмитриевны,1
Петрушки,1
Оболенскому,1
Глаза Пети,1
Дьячок,1
Душегубство,1
Барчонка,1
Ириной Яковлевной,1
Оболенский Федя,1
"Наташ?
 Наташа",1
Князь Дмитрий Голицын,1
Ростопчин Пьерy,1
Петрухан,1
Оболенским,1
Вольтер,1
Слуга,1
Vaterland'a,1
Браницких,1
Платов Матвей Иваныч,1
Новосильцеву,1
Колокольчик,1
Ришелье,1
Спаса,1
Михаиле,1
Лимонад,1
Завещание,1
Евгения Вюртембергского,1
Неверовского,1
Барклаем,1
Цари,1
Остроты,1
Влодский,1
Браницкий,1
Любомирский,1
Тормасова,1
Чичагова,1
Шишкова,1
Бернадоту,1
Уменье,1
Сократа,1
Лакеи Ростовых,1
Христу Богу,1
Николаши,1
Дьякон,1
Жди,1
Избави Бог,1
Лицо Наполеона,1
Дрисского,1
Те,1
Один Пфуль,1
Пфулю,1
Волкон?ским,1
Дрисский,1
Маркиз Паулучи,1
Торчавшие,1
Ауерштетом,1
Иеной,1
Чернышева,1
Чернышеву,1
Шмит,1
Шишков,1
Румянцеве,1
Пфуле,1
Министр Штейн,1
Мальчишка,1
Николаша,1
Николашу,1
Отраднен?,1
Николай к Денисову,1
Раевским,1
Андрей Севастьяныч,1
Благообразный,1
Певчие,1
Хороша,1
Предчувствие,1
Настасья Иванович,1
Смех,1
Граф Остерман-Толстой,1
Драгунский,1
Тут Николай,1
Пули,1
Драгуны,1
Гарденбергу,1
Граф Остерман,1
Остермана-Толстого,1
Солнце,1
Ростов Ильину,1
Марье Генриховне,1
Горячо,1
Стаканов,1
Ничего,1
Нашел,1
Ура! Ростов,1
Федры,1
Папа,1
Андрея. Толстый,1
Экой,1
графом Сен-Жерменом,1
Дубинку,1
Зикин,1
Пехота,1
Несвицкий Денисову,1
Э! Вася,1
Ваську Денисова,1
Видали,1
Федотов,1
Мелион,1
Бойко,1
Грачике,1
Ну-тка,1
Барина,1
Никиты,1
Денисов Никите,1
Чучела,1
Грачиком,1
Надул,1
Велел,1
Глаза Телянина,1
Конь,1
Вахмистр,1
Курносое,1
Скверно,1
Гусара,1
Проклятый Бонапарт,1
Герр фон Билибин,1
Находчивый,1
Флигель,1
Дежурный флигель,1
Живо,1
Шмидте,1
Макку,1
Ку?тузова,1
Фуражка,1
Рубить,1
Перонского,1
Богданычу,1
Наш Богданыч,1
Владимира,1
Карл Богданович,1
Рука,1
Михаилом Илларионовичем Кутузовым,1
Герцог Энгиенский,1
Карл Богданович Шуберт,1
Эскадрон,1
Кровный,1
Бедуине,1
Бедуин,1
Спаситель,1
Толстый адъютант,1
Свинья,1
Плохо,1
Бо?напарту,1
Прохор Игнатыч,1
мсье Пьер,1
Красивая,1
Корнет,1
Пил,1
Роялисты,1
Свита,1
Гусарский,1
Брунове,1
Подле Кутузова,1
Смир-р-р-на,1
Фельдфебель,1
Полковой,1
Командира к генералу! Третьей роты,1
Ротные,1
Фельдфебелей,1
Свобода,1
Николая Болконского,1
Знай,1
Федешов,1
Австрияк,1
Заветного,1
Сорок,1
Лицо Денисова,1
Эка,1
Краснеет,1
Пг'одулся,1
Энгиенский,1
Пишегрю,1
Выводи,1
Жоржа Кадудаля,1
Этим,1
Жерковы,1
Штрауха,1
Буонапартом,1
Елизаветы,1
Канта,1
Герб Конде,1
Князь Несвицкий,1
Ностица,1
эрцгерцога Фердинанда,1
Бурбонах,1
Ку?тузов,1
Роялистов,1
Каменскиим,1
Здоров господин Билибин,1
Худое,1
Ульма,1
Ух! Ух,1
Шпага,1
Жерков Болконскому,1
Передовой,1
Лемарруа,1
Сраженье,1
Либо,1
Другой,1
Так-то,1
Фридриха,1
Лаудона,1
Го-го-го,1
Широкоплечий,1
Кари,1
"Сидоров!
 Сидоров",1
Иван Лукич,1
Нет Бонапарте,1
Сувара,1
Брыков,1
Глянь,1
Цепь,1
Макатюк,1
Солдату,1
Капитана Тушина,1
"Медведев!
 Багратион",1
Пратер,1
Бондарчук,1
Красавец,1
Матвевной,1
Матвевна,1
Ловко,1
Мною,1
Экономовым,1
Умрем,1
Кисть,1
Шашка,1
Лошадь Бондарчука,1
Никитенко,1
Захарченком,1
Грачику,1
Добра,1
Энского,1
Гусарам,1
Багратионе,1
Ради,1
Пуля,1
Одного,1
Шагом,1
Свитский,1
Наказываемый,1
Цнаймом,1
Молча,1
Наш Ипполит Курагин,1
Дюренштейна,1
Разумовскому,1
Амели,1
Демосфен,1
Билибин тихо Болконскому,1
Гнилопупова,1
Гнилопупов,1
Перья,1
Шмидтом,1
Ипполит Курагин,1
Поживем,1
Заедемте,1
Кампо Формио,1
Ежели Пруссия,1
Ауэрсперг,1
Принц Мюрат,1
Лихтенфельс,1
Врбна,1
Эрцгерцог Карл,1
Карла,1
Русь,1
Пратера,1
Кремса,1
Злодей,1
Марии-Терезии,1
Корнель,1
Присядьте,1
Адъютант Бонапарта,1
Шенбрунн,1
Цнайма,1
Ностиц,1
Ульмскому,1
Буксгевденом,1
Лазутчик,1
Генерал Кутузов,1
Лицо Кутузова,1
А Лиза,1
Козлов?ский,1
Лицо Козловского,1
Макком,1
Винюсь,1
Крик,1
Эцельсдорфа,1
Ульме,1
Сержант,1
Ауэрсперг фон Маутерн,1
Бельяр,1
Николая Андреича Болконского,1
Михаилу Илларионовичу,1
Антонов,1
Питту,1
Принеси,1
Тараску,1
Кириллу Владимировичу Безухову,1
Стран?но,1
Вилльнёве,1
Вилльнёв,1
Петр! Петруша,1
Ильей,1
Анны Михайловны Друбецкой,1
Я Борис,1
Гм!,1
Графиня Ростова,1
Петру Владимировичу,1
Петр Великий,1
Натали З.,1
Илья Ростов,1
Верьте,1
Пей,1
Василию Сергеевичу,1
Княгиня Друбецкая,1
Швейцар,1
Василия Сергеевича,1
Вот Борису,1
Марью Дмитриевну Ахросимову,1
Граф Кирилл Владимирович,1
Гувернер,1
Жозефина Богарне,1
Мам Соня,1
Мам Графиня,1
Мам,1
Божья,1
Мои,1
Суворовы,1
Эгоизм,1
Ерема,1
Давай,1
Справа Марья Дмитриевна,1
Манифеста,1
Выбери,1
Шиншиным,1
Стыдно,1
Поди-ка,1
Собак,1
Графиня Апраксина,1
Разумовские,1
Баланс,1
Альфонс Карлович,1
Чаплина,1
Помните,1
Орлова,1
Сделаю,1
Душевно,1
Барышня,1
Кошечка,1
Кутузове Борис,1
Шуберт,1
Боренька,1
Соня-племянница,1
Карета,1
Апраксиной,1
Поварской,1
Княгиня Анна Михайловна Друбецкая,1
Дмитрия Васильевича,1
Порох,1
Черноглазая,1
Кирилле Владимировичу,1
Красивее,1
Кирилла Владимировича,1
Княгиня Анна Михайловна,1
Пьер незаконный,1
Марья Львовна,1
Марьи Ивановны Долоховой,1
Марья Львовна Карагина,1
Екатерининского,1
Все Буонапарте,1
Саломони,1
Тарас,1
Линии,1
Кириллу Владимировичу,1
Окно,1
Кирилл Владимирович Безухов,1
Рот,1
Румянцевых,1
Князя Василия,1
Бореньке,1
Вере Николаем,1
мадам де Жанлис,1
Наталья Ильинишна,1
Борис с Наташей,1
Спина Долохова,1
Красивая Вера,1
Женщинам Долохов,1
Анатоль Пьеру,1
Англичанин,1
Николаенька,1
Анатолъ,1
Борис Николаич,1
Гостьи,1
Ууу,1
Старшая Вера,1
Марья Дмитриевны,1
Даром,1
Димлер,1
Седой Тихон,1
Сиди,1
Здорово,1
Виконту,1
Станок,1
Лиза? Сведи,1
Губка Лизы,1
Лицо княгини,1
Китти Одынцова,1
мсье Пьера,1
Толстый,1
Дюссековой,1
Неxoрошо,1
Седой,1
Его Пресвятая Матерь,1
Божественного Спасителя,1
Всемогущему,1
Него,1
Божественный Спаситель,1
Вечным,1
Апостолов,1
Разлука,1
"Жюли.
 P.S.",1
Михельсона,1
Михаиле Ивановиче,1
Кавелина,1
Немца Палена,1
Целуй,1
Зубовой,1
Зубова,1
Петрушка,1
Сделай,1
Стерн,1
Надобно,1
Лицо князя Андрея,1
Ax,1
Орловы,1
Михайле Кутузову,1
Михайла Иванович,1
Моро! Моро,1
Суворовых,1
Мсье Пьер,1
Михайлу Ивановичу,1
Княгиня Апраксина,1
Го,1
Молодая княгиня,1
Ахиллесова,1
Рюрика,1
Михайле Ивановичу,1
Апраксиным,1
графом Безуховым,1
Всемогущий,1
Бориса экосез,1
Жест,1
Собачка,1
Лорреном,1
Ай да Данила Купор,1
Визави,1
Орел,1
Данилы Купора,1
Данила Купор,1
Семен!,1
Марье Дмитриевне,1
Вера Ильинична,1
Зеркало,1
Хочу,1
Желанья,1
Гусару,1
Жюли Бергу,1
Женись,1
Ай да Николай,1
Кто,1
Сундук,1
Себя,1
Счастливым,1
Мамонтовы,1
Тон,1
Дмитрием Онуфриевичем,1
Друбецкая,1
Марья Дмитриевна Ахросимова,1
Элоиза,1
Дурь,1
Па-азвольте,1
Виноват,1
Элоизы,1
Лицо княжны,1
Постой,1
Форейтор,1
Павле,1
Кавалергард,1
Василья,1
Боpиса,1
Щеки,1
Василий Анне Михайловне,1
Пойдем,1
Aннa Михайловна,1
Больной,1
Больному,1
Апраксиных,1
Софью,1
Капитан,1
Петров,1
Сели,1
Благовещенскому,1
Прозоровский,1
Дерзаю,1
Василия Ипполит,1
Лизы Болконской,1
Того,1
Виконт де Мортемар,1
Пьером Бога,1
Сына Божия,1
Адама,1
Эдема,1
Захар Никодимыч,1
Георгию,1
Амелии,1
Благовещен?ский,1
Рэдклиф,1
Сюза,1
Ел,1
Проси,1
Пулю,1
Спать,1
Перовской,1
Баркаролла,1
Юнга Штиллинга,1
Волконском,1
Елене,1
Кусгевены,1
Амфилохия,1
Грех,1
Пресвятая Богородица,1
Монахи,1
Худой,1
Амфилохий,1
Иванушки,1
Андрей Пьерy,1
Рада,1
Ха-ха-ха,1
Лысым Горам,1
"Бориса.
 Борис",1
Ежели бы Бонапарт,1
Боге,1
Правду Жозеф Местр,1
Захар? Проси,1
Пенсий,1
Пойду,1
Молодой Друбецкой,1
Анненскую,1
Н.,1
Гарденберг,1
Месье Денисов,1
Елены,1
Граф Илья Андреич Ростов,1
Павла Ивановича Кутузова,1
Но Мария,1
Дружочек,1
Робеспьера,1
Лицо Долохова,1
Боком,1
Шнеллера,1
Долохов Ростову,1
Аустерлицкое,1
Валуева,1
Багратионы,1
Обеды,1
Марье Богдановне,1
Александров,1
Николева,1
Алкидов,1
Познав,1
Цесарь,1
Рифей,1
Тита,1
Старшины,1
Алексей Уваров,1
Беклешов,1
Молись,1
Доложи,1
Руки,1
Егоркой,1
Николя,1
Банк,1
Яра,1
Софью Александровну,1
Кого,1
Месье Долохов,1
Долохов Николаю,1
Акулькой,1
Егора,1
Егорка,1
Эраста,1
Андрей Николаич,1
Картуши,1
Верь,1
Федю,1
Добродетель,1
Марьей Ивановной Долоховой,1
Ростов Долохова,1
Федей,1
Марьи Богдановны,1
Акушер,1
Муки,1
Бурьенн,1
Пултуском,1
Пултуске,1
Гете,1
Вон Настя,1
Митьки,1
Денег,1
Притом Вера,1
Владимиром,1
Замысел,1
Кутейницкий,1
Кастовый,1
Но,1
Борисе Друбецком,1
Тильзита,1
Насти,1
Богов,1
Собольи,1
Графиня Алена Васильевна Безухова,1
Итак,1
Алена Васильевна,1
Великий мастер,1
Марья Николаевна,1
Лицо Пьерa,1
Петр Григорьевич,1
Но Пьер,1
Папаша,1
Настя,1
Петеньки,1
Старикам,1
Хохот,1
Магницкого,1
Сенату,1
Розенкампф,1
Сперанском,1
Ежели бы Сперанский,1
Магницким,1
Болконским,1
Пряничникове,1
Пряничников,1
Михаила Михайловича,1
Ростовых Наташа,1
Силой Андреичем,1
Анна,1
Фельдмаршал,1
Чарторижского,1
Лиз,1
Борей,1
Кирила Матвеич,1
Одр,1
Друбецкого,1
Франкмасон,1
Иоанне Грозном,1
Бумагу Денисова,1
Сосюру,1
Твой,1
Дьявол,1
Хороши,1
Прихожу,1
Обругал,1
Солдатам,1
Мерзко,1
Машкин,1
Смири,1
Мелькнут,1
И,1
Давно,1
Георгия,1
Ввечеру Наташа,1
Полкан,1
Полкану,1
Батюшку,1
Kнязь Aндpeй,1
Баба,1
Матюшку,1
Ваньку,1
Бонапартами,1
Пултусками,1
Гарденбергом,1
Амалия,1
Фридланде,1
Провианту,1
Государи,1
Наполеонова,1
Лазареву,1
Торопливо,1
Улыбка Наполеона,1
Аустерлицкий,1
Наполеон Бонапарт,1
Андреевским,1
Перигоре,1
Макеева,1
Запах,1
Бельэтаж,1
Макеев,1
Молитеном,1
Майор Денисов,1
Макеевым,1
Пултуск,1
Чего,1
Бенигсена Ростов,1
Веретена,1
Николаем Ростовым,1
Василий Игнатьич,1
Нарышкин,1
Капитан Тушин,1
Каролины,1
Шелингу,1
Господин Питт,1
Увидав,1
Готово,1
Петя Пьерa,1
Неловко,1
Этенгейм,1
Тетенька,1
Графинюшке,1
Шарлотте де Роган Рошфор,1
Василий Сергеич,1
Денисове,1
Василии,1
Василье,1
Бурьенку,1
Толст,1
Николаем Андреевичем,1
Стыда,1
Дурна,1
Вон Лиза,1
Курагиных,1
Замолчи,1
мадам Юбер,1
Константину Павловичу,1
Кати,1
То,1
Традиридира,1
Другою,1
Герцог,1
Дом Конде,1
Друбецким,1
Эссена,1
Нога,1
Усача,1
Армия,1
Бориса с Ростовым,1
Анна Михайловна Пьера,1
Николеньки,1
Арнауты,1
"Борис.
 Ростов",1
Старик Гаврило,1
Ого,1
Целковый,1
Дрожащий,1
Вдруг,1
Вблизи,1
Вино,1
Ольмюцу,1
Ребенок,1
Машей,1
Уваров,1
Анатолий Курагин,1
Княгиня Курагина,1
Николаю Андреевичу Болконскому,1
Винесом,1
Клитемнестры,1
Счастлив,1
Клитемнестра,1
Марии Федоровне,1
Вот,1
Божий,1
Брюнна,1
Багратионова,1
Марьи Викторовны,1
Сырость,1
Теляниным,1
Боль,1
Жарко,1
Болит,1
Лоб,1
Золотой,1
Подольский,1
Огонек,1
Огоньку,1
Ярко,1
Сергеем Кузьмичом Вязьмитиновым,1
Княгиня Лизавета Карловна,1
Сергей Кузьмич,1
Тарелка,1
Дура,1
Счастливец Буонапарте,1
Глубок,1
Княгине,1
Михаила Ивановича,1
Старый Болконский,1
Николай Андреевич Болконский,1
Элен!,1
Алина,1
Элена Васильевна,1
Александра Павловича,1
Ольмюца,1
Из Ольмюца,1
Еленой,1
Старая княгиня,1
Сергея Кузьмича,1
Вязьмитинов,1
Ку,1
Сергей,1
Бедный Вязьмитинов,1
Сергею Кузьмичу,1
Граф Марков,1
Буонапарта,1
Вимпфен,1
Илья Иваныч,1
Вороти! Аль,1
Позади,1
Тьфу,1
Всадник,1
Круто,1
Гостиерадека,1
Толстой,1
Илья-,1
Илью Иваныча,1
Четверню,1
Дрyгой,1
Сухтелен,1
Бедуином,1
Шен?грабене,1
Михаила Павловича,1
Лихтен?штейна,1
Константин Павлович,1
Эне,1
Шенграбеном,1
Мадам,1
Оох,1
Севши,1
Князь Репнин,1
Марьею,1
Вовсе,1
Да,1
Пудреные,1
Илья Андреич Ростов,1
Вяземский,1
Юрий Владимирович Долгорукий,1
Ах!,1
Александру I,1
Каменским,1
Архаровых,1
Вчера,1
Феццони,1
Гришка,1
Носилки,1
Пахло,1
Старая графиня,1
Голубчик Денисов,1
Шаги,1
Графинюшку,1
Девка,1
Старик Михайла,1
Вася,1
Захар-извозчик,1
Ларрея,1
Генералу Милорадовичу,1
Болконский императора,1
Апшеронцы,1
Александра Первого,1
Позоржицу,1
Сокольница,1
Кобельница,1
Багратиона Ростов,1
Толстым,1
Адам Чарториж?ский,1
Величеством,1
Лейб-медик Вилье,1
Верю,1
Старик Кирстен,1
Пьем,1
Строганов,1
Авангарду,1
Чарторижскому,1
Адама Чарторижского,1
Але,1
Князь Долгорукий,1
Очаровательный Ипполит,1
Адъютанты,1
Ольмюцкого,1
Гогенлоу,1
Лихтенштейн,1
Ночь,1
Вали,1
Нут-ка,1
Куды,1
Принесте,1
Стрелков,1
Андрею Несвицкий,1
Несвитского,1
Австриец,1
Тафа-лафа,1
Эх,1
Кавалерия,1
Эки,1
Вечор,1
Кусты,1
Брюнном,1
Крики,1
Капралы,1
Старик Гурьев,1
Гурьева,1
Гусаров,1
Нихт,1
Наташка,1
Георгий,1
Проскакав,1
Н Е Ц,1
